我怎样才能停止抑郁？	我能做些什么来停止沮丧？
聪明的人是如何打发时间的？	聪明人如何度过他们的时间？
摆脱色情成瘾的最好方法是什么？	打破色情成瘾最有效的方法是什么？
我们能在没有网站情况下做联盟营销吗？	没有网站，我该如何做联盟营销？
为什么应该/不应该禁止暴力电子游戏？	暴力电子游戏应该被禁止吗？为什么？
印度教育体系有哪些缺陷？	印度教育系统的主要问题是什么？
印度哪条河最长？	印度最长的河流是哪条？
哪个是银行考试的最佳在线考试系列？	银行考试的最佳在线考试系列是什么？
什么是网上赚钱的方法？	我如何开始在网上赚钱？
哪本书是SSCcgl第2层准备的最佳书籍？	准备SSCcgl第2层准备的最佳书籍是什么？
你觉得quora上有什么烦人的地方吗？	quora有哪些令人讨厌的地方？
按摩真的会增加乳房尺寸吗？	如果被按压，女性的乳房尺寸会增加吗？
我如何阻止小狗咬我的鞋子？	如果我的小狗在咬我的鞋子，我该怎么办？
印度宪法的一些鲜明特点是什么？	印度宪法最突出的特点是什么？
学习编程的最好方法是什么？	你如何学习编程？
我需要如何为面试做准备？	一个人应该如何准备面试？
当人们如此憎恨唐纳德·特朗普时，他怎么能赢得选举？	特朗普是如何赢得总统职位的？
你2017年的新年决心是什么？	对于即将到来的2017年，你的新年决心是什么？
我怎样才能成为演员？	成为演员最简单的方法是什么？
沙鲁克·罕最好的电影是什么？	哪部是沙鲁克·罕最好的电影，为什么？
没有锻炼，我怎么能自然减肥？	我怎样在不做任何运动的情况下减肥？
GRE292是一个好成绩吗？	292是一个好的GRE分数吗？
什么是有史以来最伟大的推特？	什么是史诗般的推特？
为什么人们把quora上无关的问题合并在一起？	为什么quora的一些人喜欢强行合并无关的问题？
三星智能手机比苹果智能手机更好吗？	哪家公司生产更好的手机:苹果还是三星？
1型糖尿病的治疗方法是什么？	有治疗dm1的方法吗？
为什么有些人仍然相信地球是平的？	我知道有些人仍然相信地球是平的。为什么？
什么是最简单和最快的减肥方法？	什么是最容易减肥的方法？
从我的电脑打电话给某人有什么方法？	你如何在电脑上给某人打电话？
你2016年的最佳时刻是什么？	2016年哪一个是你最好的时刻？
我们现在离第三次世界大战有多近？	第三次世界大战即将爆发吗？
哪一部是有史以来最好的恐怖电影？	什么是最好的恐怖电影？
我如何才能在Instagram上获得删除的邮件？	如何从Instagram中获取删除的邮件？
巴格达迪是死是活？	巴格达迪死了还是谣言？
500卢比和1000卢比纸币的禁令将如何影响印度经济？	莫迪宣布禁止500和1000张纸币。它将如何影响经济？
牙齿不好会更快死亡吗？	坏牙会更快死吗？
你如何解释“静水深”这个短语？	`无声的水深不可测'这个短语是什么意思？''
你是如何在没有药物的情况下处理严重抑郁症的？	我如何不用药物治疗抑郁症？
在2018年gsoc大会上，我应该做些什么才能被选中？	我需要学些什么才能获得入选gsoc的机会？
什么是最好的学习策略？	我怎样才能有效地学习？
一场世界大战会发生吗？	第三次世界大战在未来的可能性有多大？
什么是最好的素食？	世界上最好的素食食物是什么？
你要做什么才能成为一名演员？	我应该如何成为一名演员？
哪个是开始平面设计的最佳方式？	如何开始平面设计？
我如何用多个给定的名字注册托福？	如何在托福注册多个给定的名字？
我怎样才能在哈克雷亚斯实习？	我如何申请在哈克雷亚斯实习？我该如何准备？
如何提高我的英语发音？	提高我英语口语的最好方法是什么？
废除500卢比和1000卢比纸币将如何有助于减少黑钱和腐败？	取消500卢比和1000卢比纸币流通的决定是否有助于遏制黑钱？
你怎么能从quora赚到钱？	在quora上赚钱的最佳方式是什么？
哪本书是最佳的优化技术书？	哪本书是了解最新优化技术的好书？
2100年的生活会是什么样子？	到2100年可能会发生什么？
自杀最无痛、最平和的方式是什么？	什么是自杀最好的无痛方式？
f1学生签证持有者能成为美国的优步司机吗？	我能用我的f1学生签证在美国为优步开车吗？
我怎么知道我爱上了一个女孩？	怎么知道你恋爱了？
不用花钱，我怎么能在网上赚钱？	我如何不用花钱就能在网上赚钱？
为什么quora上的一些人会问一些他们在谷歌上很容易找到的问题？	为什么quora的人们仍然会问一些问题，这些问题已经在其他地方得到了回答，并且可以通过谷歌搜索轻松找到？
人们改变性别的原因是什么？	为什么人们决定改变他们的性别？
学习机器学习应该遵循哪些步骤？	开始学习机器学习的通常方法是什么？
手淫的最佳方式是什么？	一个人如何手淫？
近视恢复的机会有多大？	我从近视中恢复的机会有多大？
地球是不是因为宇宙太年轻而过早有人居住的星球？	地球是否是一个过早有人居住的星球，因为宇宙可能太年轻了？
是否有任何保障措施来防止任何可能不稳定的美国总统发动核攻击？	有什么保障措施防止美国流氓总统发动核战争？
我怎样才能找回失去的自信？	我对自己能够实现目标失去了自信。我如何恢复信心？
一名持有f1签证的国际学生能注册优步兼职吗？	我能用我的f1学生签证在美国为优步开车吗？
编程语言和脚本语言有什么不同？	像PHP这样的脚本语言和像python这样的编程语言有什么区别？
我可以采取哪些步骤来提高我的写作技巧？	如何提高我写书的写作技巧？
如何在quora的问题细节中添加更多字符？	我如何才能在quora上对我的问题添加更长、更详细的描述？
喀拉拉邦哪一个是最好的蜜月目的地？	喀拉拉邦最佳蜜月地点是哪里？
吉米·威尔士匿名问或回答了一个问题吗？	吉米·威尔士以匿名身份回答了问题吗？
死亡笔记之后我应该看什么？	看完死亡笔记后，你建议我看什么动画？
如何学好日语？	我怎么学日语？
天蝎座最糟糕的特征是什么？	天蝎座的一些负面特征是什么？
为什么希拉里·克林顿在2016年总统选举中落选？	是什么让希拉里输掉了总统选举？
作为一名巫师，你是如何赚钱的？	巫师如何赚钱？
没有投资，我如何在网上赚钱？	没有投资，网上赚钱的最佳方式是什么？
大萧条期间，有没有人繁荣过？	哪些公司从大萧条中获益？
什么是面向对象编程？	面向对象编程的定义是什么？
我如何增加我的阴茎？	我怎么能有一个大阴茎？
如何提高我的英语水平？	我怎样才能学好英语？？
乌克兰哪所大学最适合医学，为什么？	在乌克兰哪所大学是学习医学最好的大学？
为什么厄内斯特·亚当斯对他的回答不发表评论？	为什么厄内斯特·亚当斯拒绝评论他的答案？
20岁时，有什么方法可以长高？	如果我已经过了20岁，有没有办法变高？
我们正在走向第三次世界大战吗？	我们正在向下一次世界大战靠近吗？
减肥的最佳方案是什么？	我如何减肥？
你如何提高你的沟通技巧？	如何有效地改善我的沟通能力？
我如何去除腹部脂肪？	如何减少我的腹部脂肪？
成为国际会计准则官员需要采取哪些步骤？	要成为国际会计准则官员，将采取哪些步骤？
学习web开发的最佳在线资源是什么？	什么是最好的在线网络开发课程？
你在2016年11月选举谁为美国总统，为什么？	你投谁的票，为什么？
既然特朗普已经当选总统，这对印度会有什么影响？	唐纳德·特朗普赢得了总统选举。它如何影响美国与印度的关系？
在压力下保持放松的最佳方式是什么？	在高压下保持放松的好方法是什么？
特朗普是如何赢得总统职位的？	唐纳德·特朗普是如何赢得选举的？
我怎样才能在博客上很快增加流量？	我如何为我的博客创造更多流量？
你如何永久删除雅虎电子邮件账户？	你如何永久删除你的雅虎账户？
你如何永久删除你的雅虎账户？	有什么方法可以删除我的雅虎邮件账户？
牛顿更聪明还是爱因斯坦更聪明？	爱因斯坦和牛顿之间谁更聪明？
我如何摆脱怯场？	克服怯场的最好方法是什么？
为什么美国和俄罗斯不能和睦相处？	为什么美国和俄罗斯不能只是朋友？
有哪些关于英语语法的好书？	英语语法最好的书是什么？
你认为希拉里会和俄罗斯开战吗？	希拉里真的想和俄罗斯开战吗？
到目前为止，quora是如何改变世界的？	quora到底是如何改变世界的？
希拉里·克林顿及其竞选团队在选举中失败的原因是什么？	导致希拉里·克林顿竞选失败的原因是什么？
我们怎么能和一个女孩调情？	一个人应该如何和一个女孩调情？
我怎么能不觉得自己比别人差呢？	你如何停止自卑？
我应该做些什么来增加体重？	我怎样才能增重？
乌鸦有哪些有趣的事实？	关于乌鸦有什么有趣的事实或故事？
在你的爱人面前，你最尴尬的时刻是什么？	在你的爱人面前，发生在你身上最尴尬的事情是什么？
我应该怎么做才能加速我的笔记本电脑？	如何加快笔记本电脑的速度？
什么是男士用的好洗面奶？	适合男人最好的洗面奶是什么？
怀孕的感觉如何？	怀孕是什么感觉？
是否应该取消保留？	保留应该取消吗？
哪个电动剃须刀对男人来说是最好的？	市场上最好的电动剃须刀是什么？
印度超级联赛中哪个俱乐部最受欢迎？	哪个印度超级联赛球队拥有最广泛的球迷基础？
为什么猴子的屁股这么红？	为什么猴子屁股是红色的？
宇宙以什么速度膨胀？它比光速快还是慢？	宇宙的扩展速度是否比光速快？
如果我们都不穿衣服会怎么样？	如果所有人都不再穿衣服，像动物一样漫游，会发生什么？
是什么歌让你哭了？	什么歌让你哭泣？
为什么人们在quora上提问，而他们可以通过谷歌获得所有答案？	为什么quora的人们仍然会问一些问题，这些问题已经在其他地方得到了回答，并且可以通过谷歌搜索轻松找到？
我可以采取哪些步骤来提高我的写作技巧？	如何培养良好的写作技巧？
微波辐射会被微波食物吸收吗？	微波会给食物带来辐射吗？
对于二年级学生来说，什么是最好的土木工程实习？	一个二年级学生能做的最好的土木工程实习是什么？
懒惰:你做过的最懒惰的事情是什么？	你做了什么使你成为世界上最懒的人？
为什么飞机不使用大型降落伞？	为什么飞机没有降落伞？
2016年好莱坞最好的电影是什么？	好莱坞2016年最棒的电影是哪部？
是什么促使人们自杀？	为什么人们会自杀？
如何从quora中删除问题？	如何从quora中永久删除我的问题？
从科学的角度来看，第一个男人是如何了解性的？	早期的男人是如何学会做爱的？
新加坡哪个地方最美丽？	新加坡最美丽的地方是什么？
我怎样才能完全消除手心出汗？	如何去除手心出汗？
我如何判断我是否有异味？	我怎么知道我闻起来是否难闻？
我如何成为书呆子？	我该怎么做书呆子？
如何培养良好的写作技巧？	如何提高我的故事写作技巧？
我如何被剑桥大学录取？	如何进入剑桥大学？
对于即将到来的2017年，你的新年决心是什么？	你2017年新年的决心是什么？
为什么人们不断购买苹果产品？	为什么大多数人都对苹果及其产品着迷？
如何让我的学习变得有趣？	我能做些什么使我的学习更有趣？
为什么我们看着太阳打喷嚏？	每当我看着太阳，我为什么打喷嚏？
我怎么知道一个人是否在撒谎？	确定一个人在撒谎的评判参数是什么？
你在使用quora或回答quora的问题时挣钱吗？	你通过回答quora上的问题赚钱吗？
应该做什么运动来减少腹部脂肪？	减少腹部脂肪最有效的运动是什么？
你如何让自己摆脱抑郁？	摆脱抑郁的最好方法是什么？
我能做些什么来延长性生活时间？	性爱中有什么方法可以持续更长时间？
为什么狗在晚上吠叫？	为什么狗晚上会叫得更多？
摆脱色情成瘾的最好方法是什么？	你是如何克服色情成瘾的？
在印度旅行的最佳地点是什么？	印度最好的旅游地点是什么？
去明星教育中心学习竞争性编程有帮助吗？	明星教育中心是提高我竞争编程技能的好地方吗？
学象棋最好的方法是什么？	一个人如何学习下象棋？
哪个网站是学习德语的最佳网站？	学习德语最好的在线资源是什么？
马拉塔·克兰蒂·莫尔查的需求是什么？	马拉塔·克兰蒂·莫尔查他们到底想要什么？
谁会赢得印度和巴基斯坦之间的全面战争？	鉴于最近的乌里袭击，如果印度和巴基斯坦之间发生战争，谁会赢？
控制愤怒的方法是什么？	我该如何控制愤怒？
学日语最好的方法是什么？	我怎么学日语？
学习数字营销的最佳认证课程是什么？	对于数字营销来说，什么是最好的在线课程？
我怎样才能在一个月内减掉30磅？有什么秘诀吗？	一个月内减掉30磅最快的方法是什么？
现代以色列是如何建立的？	现代以色列是如何形成的？
人们天生是同性恋还是他们选择同性恋？	有些人天生是同性恋吗？
19年后我能长高吗？	19岁以后可以增加你的身高吗？
如何找到我所有的Gmail账户？	我所有的Gmail账户都在哪里？
市场上最好的篮球鞋是什么？	什么是最好的篮球鞋？
禁止500卢比和1000卢比纸币后会有什么影响？	禁止500和1000卢比纸币并引入新的500和2000卢比纸币有什么用？
我如何进入ISRO？	如何在ISRO找到一份工作？
如何在quora提问中添加图像？	如何将照片添加到quora的问题中？
唐纳德·特朗普会驱逐我们所有的穆斯林吗？	特朗普真的能驱逐美国的穆斯林吗？
如何提高我的英语口语？	提高英语口语的一些方法是什么？
为什么人们会在quora上问一些容易被谷歌回答的问题？	为什么人们会在quora上问一些在谷歌上也很容易找到答案的问题？
获得印度护照需要哪些文件？	申请印度护照需要什么文件？
邓布利多是如何获得最强大的魔杖的？	谁给了邓布利多魔杖？
有史以来最棒的笑话是什么？	你听过的最好的笑话是什么？
我怎样才能找到创业资金？	我如何为我的创业想法获得资金？
对萨德尔古鲁·贾吉·瓦苏德夫的正确评价是什么？	你对萨德尔古鲁·贾吉·瓦苏德夫有什么看法？
我怎么知道是谁看了我的whatsapp显示图片？	了解我的whatsapp个人资料访问者的诀窍是什么？
如何提高我的英语写作能力？你推荐哪本书？	有什么建议或想法来提高我的英语写作技能？
我如何准备面试？	我如何为面试做准备？
我怎么能成为一个好哥哥？	做一个好哥哥我该怎么办？
禁止500卢比和1000卢比纸币是如何抑制黑钱问题的？	禁止500卢比和1000卢比如何影响黑钱？
你对伊斯兰教有什么看法？	你觉得伊斯兰教怎么样？
我如何流利地说英语？	我如何提高我的英语口语？
哪个是投资印度的最佳共同基金？	在印度进行长期投资的最佳共同基金是什么？
为了在高中有更好的成绩，我需要停止游戏吗？	我怎样才能在高中取得更好的成绩？我应该停止游戏以获得更好的成绩吗？
创业时要记住什么？	第一次做生意时必须牢记哪些基本的事情？
从工作和商业中退休的最佳年龄是什么？	你认为退休的最佳年龄是多少？
我怎样才能消除口腔溃疡？	我怎样才能摆脱舌尖的溃疡呢？
在个人博客上使用谷歌图片合法吗？	我可以在我的网站上使用谷歌图片吗？
所有基督教神话中的故事都在《圣经》中吗？	圣经是否详尽地包含了基督教神话中的所有故事？
如果你能给自己改名，会是什么？	如果有机会，你会给自己改名吗？你会选择什么名字？为什么？
孩子通常比父母聪明吗？	孩子们真的比他们的父母更聪明吗？
我如何开始准备CPT考试？	准备CPT考试的最佳方法是什么？
我如何成为亿万富翁？	成为亿万富翁的最佳途径是什么？
我在哪里可以雇佣黑客？	我如何雇用黑客？
印度最著名的占星家是谁？	谁是印度著名的占星家？
什么是GST法案，它将如何造福中产阶级？	GST法案将如何惠及当地人民？
惠普officejet4620打印机与惠普彩色激光打印机prom452dw相比如何？	与惠普彩色激光打印机prom452dw相比，惠普officejet4620打印机如何？
提高英语拼写的最佳方法是什么？	我们如何提高英语水平，避免拼写错误？
你如何删除你在quora上问的问题？	我能删除我在quora上问的所有问题吗？
一个男人如何知道他是否英俊？	一个男人怎么能知道他英俊与否？
什么是反对上帝存在的好论据？	反对上帝存在的科学论据是什么？
我如何找到关于quora的最新问题？	我如何找到最近在quora上被问到的问题？
重力的原因是什么？	到底是什么导致重力？
海得拉巴最好的三星维修中心在哪里？	在海得拉巴哪个是最好的三星维修中心？
我应该如何在网上赚钱？	在网上赚钱最简单的方法是什么？
受过教育的人怎么能相信上帝？	为什么受过教育的人相信上帝？
网络安全和信息安全有什么区别？	信息安全和网络安全有什么不同？
你如何快速减肥？	成功减肥最快的方法是什么？
旅行中你学到的最好的一课是什么？	你从旅行中学到的最重要的教训是什么？
深层网络真的那么危险吗？	深层网络有多不安全？
特朗普为什么赢得选举？	特朗普怎么会赢？
唐纳德·特朗普能赢吗？	唐纳德·特朗普还有获胜的机会吗？
谁是班加罗尔治疗脱发的最佳医生？	我怎样才能找到班加罗尔治疗脱发的最佳医生？
你认为阿姆是有史以来最伟大的说唱歌手吗？	你认为阿姆是最棒的说唱歌手吗？
你能在食谱中用什么来代替香醋？	有什么好方法可以取代食谱中的香醋？
当你觉得自己像个失败者时，你该怎么办？	我怎么能不觉得自己是个失败者呢？
开发Android应用程序的最佳想法是什么？	Android应用程序的最佳创意是什么？
你改变生活的经历是什么？	哪一项决定彻底改变了你的生活？
印度最好的保健应用开发公司是哪家？	印度哪家保健应用开发公司最好？
奥巴马的总统任期是否像一些人想象的那么糟糕？	奥巴马总统是否像许多人所说的那样无能？
哪台笔记本电脑是30000以下最好的？	30k以下最好的笔记本电脑是什么？
我该如何减肥呢？	什么是减肥的最佳方法？
让你所爱的人开心的最好方法是什么？	你做了什么让你爱的人开心？
什么是开创音乐事业的好方法？	我如何开始音乐事业？
卫星的基本类型是什么？	有哪些不同类型的卫星？
如何在非英语环境中提高英语水平？	没有语言环境，我如何提高我的英语口语？
如果quora中的匿名特征被删除，所有的身份都被暴露，会发生什么？	如果quora上的匿名用户失去了匿名性，会发生什么？
去喀拉拉邦的时候应该去哪些地方？	在喀拉拉邦，什么是必须去的地方？
取消1000和500张纸币的流通将如何帮助遏制印度腐败问题？	取消500张和1000张纸币的流通将如何有助于减少印度的腐败？
如何找到允许我向quora账户添加更多主题的页面？	如何向我的帐户添加更多主题？
你如何描述美国人和美国文化？	你如何定义美国文化？
我如何在网上赚钱？	我可以通过什么方式在网上赚钱？
为什么我的月经晚了8天？	除了怀孕，是什么原因导致你的月经晚了8天？
我怎么能让他爱我，只爱我？	我怎么能让我的男朋友只想要我而不想要别的女孩呢？
什么是非生物和生物因素？有哪些例子？	生物和非生物成分的例子是什么？
为了减肥或保持身材，我应该做什么运动？	减肥的最佳锻炼方式是什么？
塔塔集团董事长赛勒斯·米斯特里辞职的原因是什么？	将赛勒斯·米斯特里从塔塔集团主席的位置上除名的原因是什么？
印度市场上最好的便携式扬声器是什么？	哪个是印度最好的便携式扬声器？
谁可能成为印度下一任首席大法官的候选人？	谁将成为印度的下一任首席大法官？
对于Java来说，最好的书是什么？	哪本书是Java编程的最佳书？
为什么要在iim攻读工商管理硕士学位？	为什么要尝试从iim获得工商管理硕士学位？
我在悉尼哪里可以得到非常友好的房地产销售帮助？	在悉尼哪里可以获得最好的房地产交易支持？
我该怎么做才能成为一名优秀的编码员？	成为一个好的编码员需要什么？
我如何应对极度的社交焦虑障碍？	你能给患有社交焦虑障碍的人什么最好的建议？
拯救我婚姻的最好方法是什么？	如何挽救婚姻？
在巴基斯坦做基督徒的感觉如何？	巴基斯坦基督徒的处境如何？
如何在网上赚钱？	从网上赚钱最简单的方法是什么？
15k以下哪个手机最好？	15k以下买什么手机最好？
变性人能变回原来的性别吗？	变性者能在变性手术后恢复到以前的性别吗？
如果你有无限的财富来源，你会怎么做？	如果你有无限的金钱供应，你会如何处理你的生活？
希拉里·克林顿会带领美国与俄罗斯开战吗？	如果希拉里·克林顿赢得选举，美国是否可能与俄罗斯开战？
申请实习时，电子邮件选择哪一个主题是最好的？	实习邮件的最佳主题是什么？
我能在经期怀孕吗？	如果我在经期做爱，我能怀孕吗？
迄今为止，哪部电影是2016年最佳宝莱坞电影？	2016年宝莱坞最好的电影是哪部？
你生活中有什么尴尬的事？	你有什么尴尬的时刻？
你争论过的最荒谬的事情是什么？	争论什么是最荒谬的事情？
如何从iphone中删除所有照片？	如何删除我iphone上的所有照片？
中西文化的主要差异是什么？	中西文化有什么不同？
我怎样才能减肥呢？	我能做些什么来减肥？
向爱斯基摩人出售冰的机会有多大？	有可能把冰卖给爱斯基摩人吗？
禁止500卢比和1000卢比纸币有助于解决黑钱吗？	500卢比和1000卢比纸币的去货币化真的有助于遏制印度的黑钱吗？
你认为拉胡尔·甘地关于他有纳伦德拉·莫迪腐败信息的说法如何？	你认为拉胡尔·甘地关于莫迪总理牵涉到“个人腐败”的说法如何？
使用互联网赚钱最简单的方法是什么？	有什么简单的方法可以在网上赚钱吗？
什么叫做黑洞？	黑洞是什么意思？
我如何开始我的生意？	我如何从零开始创业？
你在《大西洋帝国》中最喜欢的角色是谁？	你最喜欢电视剧《大西洋帝国》中的哪个角色？
学习小提琴最好的方法是什么？	我怎样才能学会拉小提琴？
什么是有史以来最好的电影？	哪部电影最好？
另一边的草总是更绿吗？	另一边的草更绿。是真的还是假的？
我如何训练自己成为一名专业同声传译？	我怎样才能成为一名专业同声传译？
能从口交中得到性病吗？	性传播疾病可以通过口交传播吗？
除了你自己的国家，你最喜欢哪个国家？	除了你自己的国家，你最喜欢的国家是什么？
爱情在生活中重要吗？	爱情在我的生活中有什么重要性？
谁会成为更好的总统——希拉里·克林顿还是唐纳德·特朗普？	唐纳德·特朗普会成为比希拉里·克林顿更好的总统吗？
对特许会计师的误解是什么？	社会上对特许会计师有什么误解？
世界上最古老的寺庙在哪里？	世界上最古老的寺庙是什么？
减肥的最佳方法是什么？	我怎样才能减肥呢？
哪个是2016年最好的游戏？	2016年最棒的游戏是什么？
禁止500&1000卢比纸币的这一举措对吗？	你认为首相关于禁止500卢比和100卢比纸币的决定如何？
什么导致睡眠瘫痪？	为什么会发生睡眠瘫痪？
哪个是学习瑜伽的最佳应用？	学习瑜伽最好的应用是什么？
什么是最简单、最无痛的自杀方法？	自杀最无痛的方式是什么？
印度政府替换500和1000张纸币的利弊是什么？	在印度禁止500和1000张纸币有哪些优缺点？
我该如何修补门牙间隙？	我怎样才能弥合前牙的缺口？
为什么我的小狗整夜吠叫？如何阻止这种情况？	你如何阻止小狗整夜吠叫？
为什么我在quora上的所有问题都需要改进？	为什么quora总是将我的问题标记为需要改进？
印度铁路的一些鲜为人知的事实是什么？	印度铁路有哪些惊人或鲜为人知的事实？
2016年最好的电影是什么？	哪部电影是2016年最好的？
21岁以后身高会增加吗？	21岁或21岁以上的人能增加身高吗？
为什么会发生大爆炸？	有没有解释大爆炸发生的原因？
第三次世界大战会发生吗？	第三次世界大战迫在眉睫吗？
核能是可再生资源吗？为什么，或者为什么不？	核能被认为是可再生还是不可再生资源？这种分类背后的原因是什么？
如何更有效地利用时间？	为了最有效地管理时间，最好使用什么方法？
你认为莫迪突然决定废除500和1000卢比面值的做法怎么样？	你对报废500卢比和1000卢比纸币有何看法？
我们如何对抗抑郁？	你能分享一些对抗抑郁的好建议吗？
大爆炸之前有什么东西存在吗？	在大爆炸之前究竟存在什么？
如果不冷藏，煮熟的鸡蛋如何能保存更久？	你怎么能让煮熟的鸡蛋在未经冷冻的情况下更持久？
我怎么能停止在互联网上花这么多时间？	我如何阻止自己在网上浪费时间？
为什么这么多人会在quora上问一些在谷歌搜索中可以找到的问题？	当人们可以在谷歌快速搜索中轻松找到答案时，为什么会使用quora？
我该怎么做才能进入麻省理工学院？	我怎样才能被麻省理工学院录取？
减肥的最佳方法是什么？	有什么方法可以减肥？
一颗行星的卫星数量是如何决定的？	哪个因素决定了一颗行星可以拥有的卫星数量？
我如何成为一名优秀的问题解决者？	是什么使一个人成为一个好的问题解决者？
社会主义和资本主义有什么相似之处？他们有什么不同？	资本主义和社会主义的主要异同是什么？
为什么全世界都热衷于《权力的游戏》？	我应该考虑看《权力的游戏》吗？为什么每个人都对它如此着迷？
500卢比和1000卢比纸币的禁令将如何影响印度经济？	印度取消500卢比和1000卢比纸币的流通对经济有什么影响？
我一直感到恐惧。我如何摆脱它？	我们如何摆脱恐惧？
我如何和学校里的新女孩交谈？	我如何和学校里的一个新女孩说话？
将来印度和巴基斯坦会在一起吗？	巴基斯坦和印度有一天会联合起来吗？
我想要iphone，因为我想摆脱安卓和windows。我是苹果粉丝吗？	我想要iphone，因为我想摆脱安卓和windows。我是苹果迷吗？
一个男人喜欢你的标志是什么？	我如何判断一个男人是否喜欢我？
新的2000年纸币内部有GPS跟踪芯片吗？	新的2000卢比纸币中真的嵌入了芯片吗？
我的其他Gmail账户在哪里？	如何获得我的Gmail帐户列表？
地球为什么围绕太阳旋转？	为什么地球围绕太阳旋转？
windows开发人员在他们的微软办公室使用MAC吗？	微软员工在办公室使用MAC吗？
我应该如何控制自己的情绪？	我怎样才能控制我的情绪？
在quora上写冗长的描述性答案真的值得吗？	当人们在quora上写下非常长的答案时，对提问者有帮助吗？
你如何彻底剃掉比基尼区？	我怎样才能在比基尼区刮干净？
是什么让Facebook比MySpace更成功？	是什么让Facebook比MySpace更好？
我如何使用电脑打电话？	从我的电脑打电话给某人有什么方法？
为什么500卢比和1000卢比的纸币被取消流通？	为什么莫迪政府禁止500和1000卢比的纸币？
什么是学习在线课程的最佳网站？	哪个网站是在线课程的最佳网站？
在你的网站上获得流量的最佳方式是什么？	我应该怎么做才能在我的博客上获得更多流量？
如果我忘记了我的icloot密码，有什么可能的解决方案？	我在哪里可以找到丢失的icloot密码？
我如何在网上兼职赚钱？	什么是网上赚钱的简单方法？
我如何平衡消极的想法？	有什么方法可以控制消极思想？
禁止500卢比和1000卢比纸币对印度房地产业会产生什么影响？我们能预期短期/长期价格会大幅下跌吗？	在禁止500和1000张纸币之后，印度的房地产价格会下降吗？
禁止500&1000卢比纸币的这一举措对吗？	你认为RBI禁止500和1000张纸币的新举措如何？
我们曾经登上月球了吗？	人类真的登上月球了吗？
为了不关心人们对我的看法，我应该怎么做？	我怎样才能阻止自己被别人对我的看法影响？
哪本书是最好的数字营销书籍？	有哪些关于数字营销的好书？
为什么总是有一个西方男性和一个亚洲女性约会，而不是相反？	为什么西方男性和亚洲女性夫妇比亚洲男性和西方女性夫妇更普遍？
如何阻止来自特定号码的呼叫？	有什么方法可以阻止特定号码的所有呼叫和短信吗？
如何向quora成员发送私人信息？	我如何向quora的一个用户写一条私人信息？
哪些是增重的好食物？	哪种食物是可以有效增重的？
我如何才能找到我生活的真正意义？	我如何在生活中找到目标？？
为什么自闭症患者很难理解讽刺？	自闭症患者为什么不理解讽刺？
学习的最佳时间是什么时候？	哪个时间是学习的最佳时间？
你如何快速减肥？	我怎样才能快速减肥？
我怎样才能提高我的沟通技巧？	你如何提高你的沟通技巧？
克林顿还是特朗普:谁是美国更好的选择？	希拉里·克林顿和唐纳德·特朗普中谁更好？
印度德里哪家搜索引擎优化公司最好？	印度德里最好的搜索引擎优化公司是什么？
我怎样才能停止思考一些事情？	我怎么能停止思考某事？
是什么让唐纳德·特朗普竞选总统？	你认为唐纳德·特朗普为什么会竞选总统？
我在哪里能找到美容牙科专家？	我如何找到美容牙科专家？
什么是最好的人生哲学？	人类生活的最佳哲学是什么？
你认为莫迪关于禁止500卢比和1000卢比纸币的决定如何？	你认为莫迪政府禁止500，1000张纸币的决定怎么样？
哪个是印度最好的化妆品品牌？	印度哪个化妆品品牌最好？
你如何快速减肥？	什么是最快减肥的最简单方法？
我怎么能每天都开心呢？	我每天如何快乐？
慢性哮喘有永久的治疗方法吗？	在哪里可以找到哮喘的永久疗法？
我们正走向第三次世界大战吗？	第三次世界大战即将爆发吗？
鲁比斯科在光合作用中的作用是什么？	鲁比斯科是如何用于光合作用的？
我如何改变我的坏习惯？	我能做些什么来改变我的坏习惯？
像《哈利·波特》这样的电影有哪些？	还有像《哈利·波特》这样的电影吗？
创业孵化器和加速器有什么不同？	对于初创企业来说，加速器和孵化器有什么不同？
谁设计了bhim应用程序？	bhim应用程序的开发者是谁？
有额外的地球生物吗？	我们有证据证明地球以外的生命吗？
如何学习如何在c++中实现算法和数据结构？	有没有好的方法可以让你在c++中找到算法和数据结构的简短有效的实现？
如果再发生26/11袭击，莫迪领导的政府会怎么做？	如果巴基斯坦再次发动26/11袭击，莫迪政府将如何应对。反应？
我如何学会热爱学习？	我怎样可以喜欢学习？
谁将赢得2016年美国总统选举？为什么？	你认为谁会赢得总统选举，为什么？
大多数人不了解你的一件事是什么？	大多数人不知道你的一些事情是什么？
你如何去除耳朵里的水分？	什么是去除耳朵水分的最佳技术？
在印度，有哪些好的非政府组织在儿童教育领域工作？	印度政府认可哪些优秀的非政府组织在儿童教育领域工作？
我如何出版自己的书？	出版一本书的过程是什么？
你有没有被抓到手淫？	你自慰时被抓过吗？
太阳能电池发电的过程是什么？	太阳能电池是如何发电的？
每个CS学生应该知道哪些技巧？	cs学生必须知道哪些计算机技巧？
我该如何处理一些不会消失的瘀伤？	我能做些什么来处理一块不会消失的瘀伤呢？
关于鲜为人知的罗马帝国是什么？	关于罗马帝国的一些鲜为人知的事实是什么？
你认为大多数人不相信的是什么？	什么是你认为没人会相信的事实？
我刚开始月经，是棕色的，这正常吗？	你第一个月经期间的褐色分泌物正常吗？
哪部电话录音效果最好？	哪部电话录音质量最好？
2016年你最喜欢哪部电影？	2016年最好的电影是什么？
每天晚上睡眠瘫痪的原因是什么？	持续睡眠瘫痪的原因是什么？
推荐会改变你生活的书？	什么书改变了你的生活？
回答你自己的问题可以接受吗？	应否允许quorans回答他们自己的问题？
特朗普和克林顿昨晚的辩论怎么样？	你对特朗普和希拉里之间的辩论有什么看法？
内向是坏事吗？	作为一个内向的人不好吗？
哪个MBA课程更适合机械工程师？	对于机械工程师来说，MBA学位中哪一门课程更适合？
印度最适合玩游戏的60000卢比以下的笔记本电脑是哪一款？	RS60000以下哪个是最好的游戏笔记本电脑？
市场上25000以下最好的笔记本电脑是哪一款？	25k以下最好的笔记本电脑是什么？
为什么特别选择11月份不刮胡子？	11月是如何被选为不刮胡子？
清洁维克斯汽化器的最佳方法是什么？	你如何清洁维克斯汽化器？
获得专利的费用是多少？	申请专利要花多少钱？
我应该如何激励自己每天去健身房？	如何激发我去健身房？
你如何才能学会始终保持动力？	我如何保持动力？
我怎样才能买到便宜的机票？	哪里可以买到便宜的机票？
谁让你意识到你是同性恋？	你何时/如何意识到你是同性恋？
希拉里·克林顿有严重的健康问题吗？	希拉里·克林顿病得严重吗？
金钱在一个人的生活中有什么重要性？	金钱在生活中有多重要？
禁止500和1000张纸币会阻止黑钱吗？	替换500和1000张纸币——这一举措将如何减少黑钱？
莫迪对500卢比和1000卢比的禁令将如何影响那些拥有黑钱的人？	停止发行500卢比和1000卢比会对黑钱产生怎样的影响？
莫迪有什么不为人知的地方？	与莫迪有关的一些鲜为人知的事实/事件是什么？
控制愤怒的最好方法是什么？	一个人如何控制愤怒？
当你觉得自己像个失败者时，你该怎么办？	我怎么能不把自己当成失败者呢？
唐纳德·特朗普是如何赢得总统职位的？	唐纳德·特朗普为什么赢得2016年美国大选？
你为什么选择成为一名医生？	你为什么成为医生？
你觉得同性恋婚姻应该在印度合法化吗？	同性恋婚姻在印度应该合法吗？
我如何控制手淫？	我怎样才能停止手淫？
为什么ISIS从过去两年开始瞄准法国？	为什么伊斯兰主义者近年来如此咄咄逼人地攻击法国？
既然有证据表明辛普森犯下了谋杀罪，他能被指控做伪证吗？	既然找到了那把该死的刀，辛普森可能会被指控做伪证吗？
我怎样才能长得更高？	长高的秘诀是什么？
对于初学者来说，什么是最好的编程语言？	首先要学的最好的计算机编程语言是什么？
你遇到的最好的书封面是什么？	哪本书封面设计最好？
为什么电脑屏幕总是长方形的？	为什么笔记本电脑屏幕呈矩形？
一艘船如何漂浮在水上？	船是如何浮在水面上的？
为什么俄国人输掉了冬季战争？	为什么苏联输掉了1939年的冬季战争？
为什么人们如此痴迷于金钱？	为什么我们沉迷于金钱？
你如何知道自己是否在舒适区？	我怎么知道我的舒适区是什么？
我如何在短时间内减肥？	尽快减肥的最佳方法是什么？
废除500张和1000张纸币的利弊是什么？	对现有500卢比和1000卢比纸币的禁令将如何影响印度？有什么利弊？
是谁或什么激励了你？	什么激励你，以什么方式激励你？
学弹吉他最好的方法是什么？	我怎么学吉他？弹吉他有什么好的技巧？
磁化曲线是什么？	什么是磁化曲线？
为什么杰姆和scout在《杀死一只知更鸟》中叫阿迪克斯的名字？	杀死一只知更鸟为什么孩子们叫他们的父亲阿提克斯而不是爸爸？
有哪些类型的媒体？	有多少种媒体？
在哪里可以在线测试我的智商？有免费的来源吗？	我可以采取哪些免费在线测试来正确测量我的智商？
吉米·威尔士是如何开始建立维基百科的？	是什么让吉米·威尔士创立了维基百科？
一个普通的英语母语者知道多少单词？	一个说英语的普通人知道多少单词？
开始学习编程的最佳方法是什么？	如何开始从初学者到专家学习编程？
米卡·辛格最喜欢的目的地是什么？	米卡·辛格最喜欢去什么地方？
加入加拿大军队有什么要求？	你怎么能加入加拿大军队？
1000&500英镑纸币非货币化后，那些在瑞士银行有黑钱的人会做什么？	随着500到1000张纸币的非货币化，瑞士银行的存款将会怎样？
约瑟夫·门格尔作为一个人是什么样的？	约瑟夫·门格尔是什么样的人？
我应该如何去除腹部脂肪？	腹部脂肪的最佳运动是什么？
在印度哪里可以在线购买t恤？	印度哪个网站最适合买t恤？
什么是IITJEEPCM最好的参考书？	什么是好的IITJEEPCM参考书？
在萨瑟兰郡哪里可以获得非常划算的牵引服务？	在萨瑟兰郡，我在哪里可以得到非常便宜的拖带和回收服务？
在希拉里·克林顿的总统任期内，印度和美国的双边关系会如何？	如果希拉里·克林顿成为美国总统，她的印度政策会是什么？
哪个网站对机械工程专业的学生来说是最好的？	机械工程师学生应该访问哪些网站？
如何减少我的小腹脂肪？	我如何减少腹部脂肪？
我应该学什么语言来构建Android应用程序？	我应该学什么计算机语言来成为Android应用程序开发人员？
现实生活中发生的一些恐怖故事是什么？	现实生活中发生了什么可怕的恐怖故事？
妻子应该和色情成瘾者丈夫离婚吗？	我应该因为我丈夫的网络色情成瘾而与他离婚吗？
如何恢复丢失的Gmail密码？	当恢复电话不再使用并且忘记了我的旧密码时，我该如何恢复我的Gmail帐户？
如果我们都是从猴子进化而来的，那么猴子为什么还存在呢？	如果人类是从猿进化而来的，为什么仍有猿？
你对伊斯兰教有什么看法？	你觉得伊斯兰教怎么样？
哪一个是《古兰经》的最佳英文译本？	《古兰经》的英文最佳翻译是什么？
省钱的最佳方法是什么？	节省更多钱的最好方法是什么？
对尼特·斋浦尔有什么看法？	尼特·斋浦尔怎么样？
僵尸末日有可能发生吗？	僵尸末日在不久的将来发生的可能性有多大？
两个或两个以上的国家实际上有可能合并成一个实体吗？	两个国家有可能合并成一个吗？
为什么我应该投票给希拉里·克林顿——lrb——除了不让唐纳德·特朗普参加——rrb？	为什么要在2016年总统选举中投票支持希拉里·克林顿？
2k以下的好耳机是什么？	2000卢比以下哪个耳机更好？
Rahuldravid有什么让你吃惊的？	关于Rahuldravid，有什么惊人的事实？
有人得到报酬回答quora上的问题吗？	人们会得到报酬来回答吗？
我如何更有效地学习困难的科目？	我怎样才能更快更有效地学习？
你最喜欢的童年记忆是什么？	你童年最美好的记忆是什么？
哪部电影是有史以来最好的？	到目前为止你看过的最好的电影是哪部？
你会及时回去见见年轻的自己，你会说什么？	你会对你年轻的自己说什么？
谁是你最喜欢的虚构人物？	你觉得自己最喜欢的虚构人物是谁？
我如何通过YouTube赚钱？	人们如何从YouTube上赚钱？
我怎样才能停止抑郁呢?	我能做什么来停止抑郁?
在15000以下的android设备中，哪一款最好?	15000以下最好的智能手机是什么?
聪明的人怎样打发时间?	聪明的人如何利用他们的时间?
摆脱色情成瘾的最好方法是什么?	打破色情成瘾最有效的方法是什么?
为什么塞勒斯·密斯特里(cyrusmistry)被撤去塔塔父子公司的董事长一职?	为什么塞勒斯·密斯特里(cyrusmistry)被撤去塔塔父子公司的董事长职位?
为什么不应该禁止暴力电子游戏?	暴力视频游戏应该被禁止吗?为什么?
什么是做爱的最佳时间?	做爱的最佳时间是什么?
什么是梦想时间?为什么它对土著文化很重要?	为什么梦想时间对土著文化很重要?
印度教育系统的缺陷是什么?	印度教育系统的主要问题是什么?
回收如何帮助环境?	回收真的有利于环境吗?
哪一个是最好的网上银行考试系列?	银行考试最好的在线考试系列是什么?
网上赚钱的方法是什么?	我如何开始在网上赚钱?
在quora上你最讨厌的是什么?	quora有哪些让人讨厌的地方?
印度宪法有哪些鲜明的特点?	印度宪法最突出的特点是什么?
学习编码的最好方法是什么?	你如何学习编程?
为什么印度储备银行发行新的2000卢比纸币而不是新的1000卢比纸币?	为什么印度政府推出了2000元纸币而不是1000元纸币?
我需要如何准备面试?	面试前该如何准备?
最好的magento开发公司是哪家?	哪些是最好的magento开发公司?
最好的沙鲁克汗电影是什么?	哪部电影是最好的沙鲁克汗电影?为什么?
我怎样才能找到看电视节目的最佳网站?	看电视节目最好的网站有哪些?
我不锻炼怎么能自然减肥?	我不做任何运动怎么减肥?
为什么人们会在quora上将不相关的问题合并起来?	为什么在quora上有些人喜欢强迫性地把不相关的问题合并起来?
三星智能手机比苹果智能手机更好吗?	哪个公司生产的手机更好:苹果还是三星?
开普勒定律是什么?它们为什么重要?	为什么开普勒定律如此重要?
500卢比和1000卢比纸币的禁令将如何影响印度经济?	莫迪宣布禁止500和1000张纸币。它将如何影响经济?
谁是天使投资者?	什么是天使投资人?
我怎样才能提高我的英语交流能力?	怎样才能提高我的英语口语?
非infj对infjs有什么感觉?	非infj对infj的感觉如何?
我的猫死了，我怎么能忘记呢?	我怎样才能从我的猫的死亡中恢复过来呢?
你曾经发生过交通事故吗?	你曾经遇到过车祸吗?
最好的学习策略是什么?	我怎样才能有效地学习?
德里的caipcc有哪些好的培训中心?	德里的ca-ipcc最好的培训机构是哪个?
我应该怎样在网上赚钱?	如何在网上赚钱?
你要做什么才能成为一名演员?	我该如何成为一名演员?
如何确定光气的路易斯结构?	光气的路易斯结构是什么?它是如何确定的?
我怎样才能更自如地与女性交谈?	怎样才能更自信地和女人交谈?
我怎样才能摆脱激烈的竞争?	有什么办法可以摆脱激烈的竞争吗?
我怎样才能在hackerearth找到一份实习工作?	我怎样才能申请到hackerearth实习?我该如何准备呢?
为什么希拉里•克林顿会比唐纳德•特朗普(donaldtrump)更出色?	希拉里•克林顿(hillaryclinton)如何比唐纳德•特朗普(donaldtrump)更好?
优化技术的最佳书籍是哪一本?	哪一本是了解最新优化技术的好书?
谁赢得了2016年9月26日特朗普和希拉里的总统辩论?	你认为谁赢得了希拉里·克林顿和唐纳德·特朗普之间的第一场总统辩论?为什么?
为什么有些人会在quora上问一些他们可以在谷歌上轻易找到的问题?	为什么quora上的人仍然会问一些已经在别处得到了解答的问题，并且可以通过谷歌搜索轻松找到?
我可以用python做一个android应用程序吗?	是否有可能在python中完全开发android应用程序?
我怎样才能找回失去的自信?	我已经失去了实现我的目标的信心。如何重拾信心?
获得电子工程硕士学位后，美国的就业前景如何?	电子工程-lrb-电力系统-rrb-硕士毕业后美国有哪些工作机会?
作为一个非英语母语的人，我如何提高英语写作能力?	作为一个非英语国家的人，我怎样才能提高英语写作能力?
什么是灵魂?	灵魂到底是什么?
为什么希拉里·克林顿在2016年总统大选中失利?	是什么让希拉里输掉了总统大选?
作为一个巫师，你是怎么挣钱的?	巫师是怎么挣钱的?
在大萧条期间，有谁发了财?	哪些公司从大萧条中获益?
什么是面向对象编程?	面向对象编程的定义是什么?
中国和英国的餐桌礼仪有什么不同?	中国人和英国人的餐桌礼仪有什么不同?
我怎样才能增加我的阴茎?	我怎么才能有个大阴茎呢?
我怎样才能提高我的英语水平?	我怎样才能学好英语呢?
是什么使《教父》三部曲成为有史以来最伟大的电影?	为什么《教父》三部曲被认为是有史以来最受欢迎的三部电影之一?
你怎样才能提高你的沟通技巧?	我怎样才能有效地提高我的沟通能力?
我怎样去掉腹部的脂肪?	我怎样才能减少我的腹部和腹部的脂肪?
我如何写一篇优秀的历史论文?	怎样写一篇好的历史论文?
我如何能很快增加我的博客的流量?	我如何为我的博客创造更多的流量?
《精灵宝可梦go》会在印度发行吗?	《精灵宝可梦go》会在印度推出吗?
牛顿更聪明还是爱因斯坦更聪明?	在爱因斯坦和牛顿之间谁更聪明?
我怎样才能摆脱怯场?	克服怯场的最好方法是什么?
关于英语语法有哪些好书?	英语语法最好的书是什么?
希拉里·克林顿和她的竞选团队在选举中失利的原因是什么?	希拉里•克林顿(hillaryclinton)的哪些错误导致她输掉了大选?
我怎么才能不觉得自己比别人低人一等呢?	你如何停止自卑的感觉?
哪句话最能激励你?	那句激励你的名言是什么?
为什么quora上每个人都对智商着迷?	为什么quora上的人都对自己的智商着迷?
男士最好的电动剃须刀是哪一种?	市面上最好的电动剃须刀是什么?
地球是宇宙中唯一有生命的行星，这是真的吗?	地球是宇宙中唯一可居住的行星的可能性有多大?
微波辐射会被微波食物吸收吗?	微波炉会把辐射带到食物里吗?
什么时候是锻炼的最佳时间?	一天中锻炼最好的时间是什么时候?
宇宙是如何形成的?	宇宙是如何被创造出来的?
我怎么知道我身上有没有难闻的气味?	我怎么知道我是不是很臭?
我如何成为一个书呆子?	我该怎么做才能成为一个书呆子呢?
未来的量子计算机能访问平行实相吗?	未来量子计算机将以何种方式访问平行实相?
应该做什么运动来减少腹部脂肪?	减少腹部脂肪最有效的运动是什么?
如何让自己摆脱抑郁?	走出抑郁的最好方法是什么?
什么是情感距离?	情感上的距离是多少?
摆脱色情成瘾的最好方法是什么?	你是如何克服色情成瘾的?
印度最适合旅游的地方是哪里?	印度最好的旅游景点是哪里?
成功的异地恋需要什么条件?	我怎样才能保持我的异地恋?
学习数字营销的最佳认证课程是什么?	对于数字营销来说，最好的在线课程是什么?
“我怎样才能把人们从facebookmessenger中的“新消息”列表中移除?”''	我如何从facebookmessenger中的新消息列表中删除用户?
19年后我能长高吗?	19岁以后有可能增加你的身高吗?
我如何找到我所有的gmail帐户?	我所有的gmail账户都在哪里?
学习数字营销的最佳途径是什么?	我如何学习数字营销?
在教育系统或工作场所，什么是不道德行为的驱动因素?	在教育系统或工作场所发生不道德行为的原因是什么?
取缔500卢比和1000卢比纸币究竟是如何遏制黑钱问题的?	禁止500卢比和1000卢比会如何影响黑钱?
什么年龄退休最合适?	你认为退休的最佳年龄是什么?
我怎样才能治好舌尖上的溃疡?	我怎样才能摆脱舌尖上的溃烂呢?
如果你能重命名自己，你会给自己取什么名字，为什么?	如果有机会，你会给自己改名吗?你会选什么名字?为什么?
印度最著名的占星家有哪些?	谁是印度著名的占星家?
和美国人结婚的程序?	与美国人结婚的手续是什么?
据传新款macbookpro将于何时发布?	下一代macbookpro-lrb-2016-rrb什么时候发布?
一个男人怎么知道他是否英俊?	一个男人怎么知道他帅不帅?
有什么好的理由反对上帝的存在?	反对上帝存在的科学论据是什么?
如何应对抑郁症?	如何摆脱抑郁?
如何在网关笔记本电脑上执行工厂还原，以及其他笔记本电脑品牌的还原过程有何不同?	如何将网关笔记本还原回工厂设置?
莫迪政府如何通过停止发行500和1000张纸币来防止黑钱?	在印度，500卢比和1000卢比纸币的废除真的有助于遏制黑钱吗?
你怎样才能快速减肥?	成功减肥最快的方法是什么?
特朗普为什么会赢得大选?	为什么特朗普赢了?
唐纳德·特朗普能赢吗?	唐纳德•特朗普还有获胜的机会吗?
盐桥在原电池中是如何使用的?	为什么在原电池中使用盐桥?
哪个国家最适合从印度移民并开始新生活?	从印度移民到开始新生活的最佳国家是哪个?
3万以下的笔记本电脑中，哪一款最好?	3万以下最好的笔记本电脑是什么?
我在家可以做什么兼职工作?	哪些兼职工作可以在家工作?
我怎样才能避免手臂上的小红斑?	我怎样治疗手臂上的小红斑?
让你所爱的人快乐的最好方法是什么?	你怎样做才能让你爱的人开心?
什么是开始音乐事业的好方法?	我如何开始音乐事业?
如何在非英语环境中提高英语水平?	没有语言环境，我怎样才能提高我的英语口语?
如果quora上的匿名特性被删除，所有身份都被曝光，会发生什么?	如果quora上的匿名用户失去了他们的匿名性，会发生什么?
什么可以和龙舌兰酒很好地搭配?	龙舌兰酒的最佳调酒品是什么?
1000和500纸币的废除将如何帮助遏制印度腐败问题?	废除500和1000张纸币将如何减少印度的腐败?
如何恢复您的gmail密码?	我怎样才能找回我的gmail密码?
你如何描述美国人和美国文化?	你如何定义美国文化?
我怎样在网上赚钱?	我在网上赚钱的方法有哪些?
特朗普有机会赢得选举吗?	特朗普赢得大选的可能性大吗?
棋盘上有多少格?	棋盘上总共有多少个正方形?
我怎样才能让他只爱我一个人呢?	我怎么能让我的男朋友只喜欢我而不喜欢其他女孩呢?
我应该做些什么运动来减肥或保持好身材?	减肥的最佳锻炼方式是什么?
塔库尔法官今年1月退休后，下一任印度首席大法官的可能人选是谁?	谁将成为印度下一任首席大法官?
是什么导致航班延误?	造成航班延误的主要原因是什么?
在悉尼全境出售的房产方面，我在哪里可以得到非常友好的帮助?	我在悉尼哪里可以得到最好的房地产交易支持?
我如何应对极度的社交焦虑症?	你能给一个患有社交焦虑症的人最好的建议是什么?
申请印度护照的完整程序是什么?所需文件的清单是什么?	印度护照需要哪些文件?
我怎样才能让女孩喜欢我?	有什么方法可以交到女朋友?
当我申请实习的时候，我可以在电子邮件里写上最好的主题是什么?	实习邮件的最佳主题是什么?
为什么我们不使用相对安全的钍循环用于核能?	为什么我们不在核反应堆中使用钍设计?
如何从你的iphone上删除所有照片?	我怎样才能删除我iphone上的所有照片?
中西文化的主要差异是什么?	中西方文化有什么不同?
结婚的最佳时间是什么?	什么时候结婚最合适?
卖冰给爱斯基摩人的机会有多大?	有可能把冰卖给爱斯基摩人吗?
取缔500卢比和1000卢比纸币是否有助于解决黑钱和腐败问题?	在印度，500卢比和1000卢比纸币的废除真的有助于遏制黑钱吗?
我怎样才能从无人机上赚钱?	一个人怎么能从使用无人机中获利呢?
你怎样才能修好iphone4的扬声器?	如何修复坏掉的iphone4音箱?
我怎样开始我的事业?	我如何从零开始创业?
怎样才能变得富有?	致富的最佳途径是什么?
《大西洋帝国》中你最喜欢的角色是谁?	你最喜欢的电视剧《大西洋帝国》中的哪个角色?
有人找到利用quora赚钱的方法了吗?	我如何在quora上赚钱?
学习小提琴最好的方法是什么?	我怎样才能学会拉小提琴?
美联储加息将如何影响印度?	什么是美联储加息?它将如何影响印度?
你会因为口交而感染性病吗?	性病可以通过口交传播吗?
怎样才能学会在吉他上弹奏巴雷和弦?	在吉他上弹奏barre和弦最简单的方法是什么?
禁止发行500和1000张纸币能阻止黑钱吗?	印度废除500和1000卢比纸币将如何减少黑钱?
为什么我在quora上的所有问题都有需要改进的地方?	为什么quora总是把我的问题标记为需要改进?
21岁以后身高会增加吗?我怎样才能长高?	有人能在21岁或21岁以上的时候增加身高吗?
班加路附近哪一个地方是一天最好的旅游景点?	班加路附近有什么好地方可以去一到两天的旅行?
其他国家如何看待印度的去货币化?	对于印度的废止法案，其他国家有何看法?
核能是可再生资源吗?为什么?	核能是可再生的还是不可再生的?这种分类的原因是什么?
女人会被六块腹肌吸引吗?	6块腹肌真的能吸引女孩子吗?
在大爆炸之前有什么东西存在吗?	在大爆炸之前到底存在什么?
如果不冷藏，煮熟的鸡蛋可以保存更久?	怎样才能使煮熟的鸡蛋在不冷藏的情况下保存得更久呢?
想说一口流利的西班牙语，最好的方法是什么?	我怎样才能说一口流利的西班牙语?
减肥的最好方法是什么?	有哪些快速减肥的方法?
行星的卫星数量是如何决定的?	哪个因素决定了一颗行星的卫星数量?
社会主义和资本主义有什么相似之处?他们有什么不同?	资本主义和社会主义的主要异同是什么?
没有精神医师的帮助我如何克服抑郁?	没有治疗师，抑郁症如何治愈?
我怎么和学校新来的女孩说话?	在学校我怎么和一个新来的女孩说话?
youtube上学习科学的好频道是什么?	关于科学最好的网站/youtube频道有哪些?
谁是新加坡著名的天使投资人?	新加坡最著名的天使投资人是谁?
男人喜欢你的迹象是什么?	我如何判断一个男人是否喜欢我?
cvs药店里的cvs代表什么?	“cvs药店”中的“cvs”有任何含义吗?”
我的其他gmail账户在哪里?	如何获得我的gmail帐户列表?
为什么地球围绕太阳转?	地球为什么绕着太阳转
减肥的最好方法是什么?	减肥的最佳指南是什么?
我如何在quora上增加自己的影响力?	我怎样才能在quora上出名?
为什么500卢比和1000卢比纸币被废止了?	为什么莫迪政府禁止发行500卢比和1000卢比纸币?
巴拉克•奥巴马在总统任期内取得的最显著成就是什么?	巴拉克·奥巴马在他的第一个和第二个任期中最重要的成就是什么?
如果我忘记了icloud密码，有什么可能的解决方案?	我在哪里可以找到丢失的icloud密码?
我该怎么做才能不去在意别人对我的看法呢?	我怎样才能不被别人对我的看法所影响呢?
我如何向quora用户发送私人信息?	我怎样才能给quora的用户写一条私人信息呢?
哪些食物是增加体重的好食物?	哪一种食物最适合增重?
2017年谁更有可能成为印度总统?	谁将在2017年当选印度总统?
quora上的匿名问题能得到更多的评论吗?	问匿名的问题会比问非匿名的问题得到更多的答案吗?为什么?
我怎样才能改变我的生活和我的坏习惯?	我能做什么来改变我的坏习惯?
创业孵化器和加速器有什么区别?	创业加速器和创业孵化器的区别是什么?
roku有哪些最好的频道?	有哪些频道是通过roku提供的?
谁设计了bhim应用程序?	bhim应用程序的开发者是谁?
如果26/11恐怖袭击再次发生，莫迪领导的政府会怎么做?	如果巴基斯坦再次发动26/11式的袭击，莫迪政府会怎么做反应?
我怎样才能制作出一份没有工作经验却能给招聘者留下深刻印象的简历呢?	没有经验你怎么写简历?
谁将赢得2006年美国总统大选?为什么?	你认为谁会赢得总统选举?为什么?
在印度儿童教育领域有哪些好的非政府组织?	印度政府认可的在儿童教育领域工作的非政府组织有哪些?
太阳能电池发电的过程是怎样的?	太阳能电池如何发电?
关于罗马帝国，你能教给我什么鲜为人知的东西?	罗马帝国的一些鲜为人知的事实是什么?
你最初的音乐记忆是什么?	你的第一次音乐记忆是什么?
哪一部是最好的录音电话?	哪一部电话录音质量最好?
《2001太空漫游》的最后一幕是什么意思?	《2001太空漫游》的结局是什么?
什么是虫洞?它们真的存在吗?	虫洞真的存在吗?
推荐那些能改变你生活的书?	哪些书改变了你的生活?
国际音标字母表的重要性是什么?	为什么国际音标字母表很重要?
内向是件坏事吗?	内向不好吗?
我怎样才能停止担心别人对我的看法?	我怎么能不在乎别人怎么看我呢?
初学者最好的编程语言是什么?	对于初学者来说，什么是最好的编程语言?为什么?
为什么我们在生日蛋糕上放蜡烛?	为什么我们把蜡烛放在生日蛋糕上?
为什么没有人在quora回答我的问题?	为什么人们不在quora上回答我的问题?
你怎样才能一直保持动力?	我如何保持积极性?
我怎样才能买到便宜的机票?	我在哪里可以买到便宜的机票?
希拉里·克林顿有严重的健康问题吗?	希拉里·克林顿病得很重吗?
莫迪500卢比和1000卢比的禁令将如何影响黑钱?	停止发行500卢比和1000卢比纸币将如何影响黑钱?
控制愤怒最好的方法是什么?	一个人如何控制愤怒?
什么是小企业最好的社交媒体?	对于小企业来说，什么是最好的社交媒体网站?
为什么isis从过去两年开始瞄准法国?	近年来，伊斯兰主义者为何如此猛烈地攻击法国?
我怎样才能长高?	长高的秘诀是什么?
对于初学者来说，最好的编程语言是什么?	首先学习的最佳计算机编程语言是什么?
如何从零级别开始编程?	如何从初学者开始学习编程?
为什么人们如此痴迷于金钱?	我们为什么对金钱如此痴迷?
我如何在短时间内减肥?	最快减肥的最好方法是什么?
在你看来，罗纳德·里根是个好总统吗?	你个人认为罗纳德·里根是一位优秀的美国总统吗?
磁化曲线是多少?	什么是磁化曲线?
我在哪里可以在线测试我的智商?有免费资源吗?	有哪些免费的在线测试可以让我正确测量自己的智商?
一般以英语为母语的人知道多少个单词?	一般讲英语的人知道多少个单词?
加入加拿大军队的条件是什么?	你怎样才能加入加拿大军队?
白布猫和龟甲猫有什么不同?	龟甲猫和白布猫有什么区别?有哪些例子?
在印度哪里可以在网上买到t恤?	在印度，哪个网站最适合购买t恤?
对于机械工程专业的学生来说，哪些网站是最好的?	机械工程师学生应该访问哪些网站?
我如何减少我的小腹脂肪?	我怎样才能减掉肚子上的脂肪?
我应该学习哪些语言来构建android应用程序?	作为一个android应用程序开发人员，我应该学习什么计算机语言?
现实生活中发生了哪些恐怖故事?	现实生活中发生的恐怖故事有哪些?
一个妻子应该和一个沉迷色情的丈夫离婚吗?	我应该因为丈夫沉迷网络色情而和他离婚吗?
你是如何成为quora上最优秀的作家的?	2017年，我该怎么做才能成为quora上的顶尖作家?
《古兰经》最好的英文译本是哪一本?	《古兰经》英文译本最好的是什么?
我为什么要把票投给希拉里·克林顿，而不是唐纳德·特朗普?	为什么要在2016年的总统大选中投票给希拉里?
你回到过去，遇见年轻时的自己，你会说什么，为什么?	你会对年轻时的自己说什么?
吃辛辣食物的好处是什么?	吃辛辣食物对健康有什么好处?
史上最好的小说是什么?	有史以来最好的小说是什么?
我如何通过youtube赚钱?	人们如何从youtube上赚钱?
如果我妻子比我大6个月，将来会有什么大问题吗?	如果我丈夫比我小6个月，我将面临什么问题?
我如何以健康的方式增重?	体重增加的最佳治疗方法是什么?
如何把克换算成毫升?	把克换算成毫升有哪些方法?
我怎样才能有机会见到纳伦德拉·莫迪先生?	我怎样才能见到纳伦德拉·莫迪?
我该怎么做才能不掉头发?	如何减少头发脱落?
youtube上的视频质量下降会影响声音质量吗?	youtube上视频质量的改变是否也会影响音质?
谁是最好的教授?	谁是有史以来最好的教授?
世界上最强大的手枪是什么?	最强大的手枪是什么?
准备ssccgl最好的书是什么?	哪本书最适合ssccgl?
在insta上吸引粉丝的最好方式是什么?	如果我刚刚开始，我怎么能在instagram上获得更多的粉丝呢?
约女孩出去约会的最好方式是什么?	我该怎么约这个女孩出去?
精英比大众更有权力吗?	谁拥有更多的权力，大众还是精英?
我怎样才能和我的前女友一起工作?	我如何与前女友共事?
博帕尔最好的五星级酒店在哪里?	我在哪里可以找到博帕尔最好的五星级酒店?
我怎样才能说一口流利的英语?	我如何说一口流利的英语?
我如何改善我的生活?	改善生活的最好方法是什么?
瑞典是欧洲强奸案数量最多的国家，这是真的吗?	瑞典成为欧洲强奸之都是真的吗?
你对莫迪总理禁止印钞500和1000的决定有何看法?	你对莫迪政府决定废除500和1000卢比纸币有何看法?
你是如何认识你的人生伴侣的?	你是怎么认识你的爱人的?
如何正确计算电缆的电流承载能力?	确定电缆当前承载能力的方法有哪些?
我该送一个12岁男孩什么生日礼物?	一个12岁的男孩生日时，我应该送他什么礼物?
我如何找到我感兴趣的领域?	怎样才能找到自己的兴趣呢?
“既然特朗普赢了，他会起诉希拉里·克林顿吗?"	既然特朗普赢了，司法部会继续追查并起诉希拉里·克林顿吗?
你认为宗教有安慰剂效应吗?	宗教可以被认为是安慰剂效应的一种形式吗?
有没有药物可以让你以为自己已经死了?	有什么药能让你看起来像死人?
为什么印度不像以色列那样对恐怖主义采取强硬立场?	为什么印度不接受以色列这样的政策来对付恐怖主义?
iphone真的值这个价吗?	iphone真的物有所值吗?
单向乐队为什么出名?	为什么单向乐队如此出名?
我们怎样才能很快致富?	我怎样才能成为富翁?
进入哈佛大学感觉如何?	被哈佛大学录取是什么感觉?
在我二十几岁的时候，我应该做的最重要的事情是什么?	20多岁时最重要的事情是什么?
我怎样才能说一口流利的英语?	我怎样才能提高我的英语水平?
为什么我在quora上的所有问题都需要改进?	“为什么quora一直把我的问题打上‘需要改进’的标签?””
塔塔集团解雇赛勒斯·米斯特里的原因是什么?	赛勒斯·米斯特里突然离职的原因是什么?
粘合泡沫塑料最好的方法是什么?	有什么方法可以把泡沫塑料粘合在一起?
dna在生命过程中会改变吗?	一个人的dna序列在他的一生中有什么变化吗?
酸奶的营养价值和健康益处是什么?	酸奶对健康有什么好处?
我怎样才能发现有人在说谎?	当有人说谎的时候，有什么方法可以知道?
1000卢比和500卢比纸币的废除如何影响房地产业?	禁止印度发行500和1000卢比纸币会对房地产产生什么影响?
在铺好的道路上行走会伤到马吗?	马在铺好的路上行走时疼吗?
一个人应该做什么来摆脱无聊?	我怎样才能摆脱无聊?
1917年俄国革命的主要原因是什么?	是什么导致了1917年的俄国革命?
我怎样才能在学校取得最好的成绩?	在学校里取得好成绩有什么建议吗?
学习英语的必要性和重要性是什么?	我们为什么要学英语?
印度政府如何控制人口增长?	莫迪政府遏制人口增长的措施是什么?
我怎样才能有动力去健身房?	我怎样才能保持每天去健身房的动力?
如何成为一名专业的机械工程师?	要成为一名优秀的机械工程师，我应该做些什么?
减肥的最好方法是什么?	减轻体重的最好方法是什么?
电子商务:您如何看待b2b平台?	你认为b2b平台怎么样?
有什么强有力的证据支持全球变暖的存在?	如何证明全球变暖?
天然纤维和合成纤维有什么区别?他们有什么相似之处?	天然纤维和合成纤维有什么相似和不同之处?
为什么电流在导体中流动时会产生磁场?	为什么电流流过导体时会产生磁场?
希拉里·克林顿病得很重吗?	希拉里•克林顿(hillaryclinton)是否有一个人们会关心的严重健康问题?
计算机网络的应用是什么?	什么是计算机网络的应用?
我如何在quora上修改我的个人资料照片?	我怎样才能改变我在quora上的头像?
我们怎样才能提高我们的脑力?	如何提高我的脑力?
我怎样才能去掉脸上的粉刺?	消除粉刺的最好方法是什么?
我应该如何说服我的父母，让他们相信爱情婚姻?	我怎样才能让父母相信爱情婚姻?
我能做什么来延长做爱时间?	我怎样才能在性爱中持续更长时间?
在quora上有诺贝尔奖得主吗?	在quora上有谁获得过诺贝尔奖?
避免被拒绝的最好方法是什么?	如何避免被拒绝?
哪家太阳能银行最好?	最好的太阳能银行是哪家?
苹果什么时候发布新款macbookpro?	macbookpro的下一个可能发布日期是什么时候?
我怎样才能提高英语口语能力?	我能做些什么来提高我的英语口语?
进入斯坦福大学的条件是什么?	斯坦福大学的入学要求是什么?
我如何控制我的思想?	控制思想的最好方法是什么?
我怎样才能得到我的gmail账户列表?	有没有办法让我得到所有gmail账户的列表?
我如何让对话继续?	我怎样才能让谈话继续下去?
你能记得的最奇怪的梦是什么?	你做过的最奇怪的梦是什么?
我能减30磅需要多长时间?	我要多久才能减掉30磅?
为什么所有的风力涡轮机都是顺时针旋转的?	为什么涡轮是顺时针旋转的?
唐纳德·特朗普是如何成为总统的?	唐纳德·特朗普是如何赢得2016年总统大选的?
哪一个答案在quora上获得了最多的投票?	在quora上，哪个答案被投票最多?
你如何看待印度政府不流通inr500和inr1000的政策?	你对印度政府废除500和1000卢比纸币的决定有何看法?
据传新款macbookpro将于何时发布?	新款苹果macbookpro什么时候上市?在2016年?
我怎样才能真正理解数学?	学习和理解数学的最好方法是什么?
哈利波特的新书《哈利波特与被诅咒的孩子》怎么样?	你对《哈利波特与被诅咒的孩子》有何评论?
提高英语写作能力的最好方法是什么?	我怎样才能提高我的英语写作能力?
什么是youtube视频的免费视频编辑软件?	youtube视频最好的免费视频编辑软件是什么?
2016年哪部电影最好?	2016年最好的电影是什么?
我怎样才能立即入睡?	有什么好主意可以帮助你快速入睡?
我们应该用哪本书参加nicmar入学考试?	在nicmar入学考试中应该参考哪本书?
唐纳德•特朗普会击败希拉里，成为我们的下一任总统吗?	你认为唐纳德•特朗普或希拉里•克林顿会成为美国下一任总统吗?
与希腊神话有关的好书有哪些?	你能推荐一些关于希腊神话的好书吗?
最好的心理电影是什么?	哪些是最好的心理电影?
我想开始准备ias考试，我应该怎么做?	我应该如何开始准备ias考试?
人类如何才能永生?	人类如何才能长生不老?
唐纳德•特朗普真的能获胜并成为美国总统吗?	唐纳德·特朗普有机会赢得即将到来的大选吗?
商品及服务税条例草案的实施会如何影响市民的生活?	商品及服务税在印度的影响如何?
有证据证明外星人的存在吗?	真的有外星人存在吗?是否有任何证据表明外星人存在?
中西文化的主要差异是什么?	中西文化最大的不同是什么?
精子数量会因为自慰而减少吗?	自慰后精子数量会减少吗?
你希望自己拥有哪一种超能力?	你可以选择一个超能力,会是什么呢?
你对印度政府废除500和1000卢比纸币的决定有何看法?	你如何看待莫迪总理禁止旧的500卢比和1000卢比纸币的举动?
你是如何克服色情成瘾的?	我如何从自慰和色情成瘾中自我恢复?
如果我很无聊，我该怎么办?	当我感到无聊的时候我应该做什么?
你怎样补牙间隙?	如何自然修复牙齿间隙?
提高解决问题技能的最好方法是什么?	我怎样才能提高解决问题的能力?
哪家在线银行考试系列最好?	哪一个是最好的网上银行考试系列?
有比光快的东西吗?	有什么东西比光速还快吗?
学习java最好的网站是哪个?	对于java学习者来说，哪个网站最好?
提高英语最好的方法是什么?	应该采取什么最好的途径来提高英语?
从我的系统中取出thc最快的方法是什么?	如何让thc更快地从系统中取出?
如果不连接，如何将手机与惠普笔记本电脑连接?	如果没有连接，我如何将手机连接到惠普笔记本电脑?
我如何为我的医疗初创企业找到投资者?	我如何为我的创业公司找到天使投资人?
如果引入商品及服务税，印度经济将如何获益?	由于商品及服务税，预计印度经济会发生什么变化?
特朗普当选总统会赢吗?	唐纳德•特朗普会成为下一任美国总统吗?
性欲亢进的原因是什么?	什么是引起性欲亢奋的原因?
有多少人使用quora?	quora上有多少活跃用户?
金龙舌兰酒和银龙舌兰酒有什么区别?	白色和金色龙舌兰酒有什么区别?
商品及服务税法案对印度经济有何影响?	商品及服务税法案的通过将如何帮助印度经济?
我如何在印度开创自己的it事业?	我如何在印度建立自己的it公司?
我如何加入印度的初创公司?	我如何在印度的初创公司找到一份工作?
如果美国在独立战争中失败了，现在的世界会有什么不同的呢?	如果英国打赢了美国独立战争，世界会有什么不同?
统计学如何应用于教育?有哪些例子?	统计学在教育中的一些应用是什么?
我如何控制我的愤怒?	有什么好的方法来控制你的愤怒?
如果我想成为一个富人，我应该做什么?	我怎样才能成为富翁?
我应该如何获得健康保险?	我怎样才能得到健康保险?
我如何进入哈佛大学读本科?	怎样才能被哈佛大学录取?
好莱坞最好的电影是什么?	哪部电影是有史以来最好的好莱坞电影?
最好的视频修复工具是什么?	什么是好的视频修复工具?
国土安全部的学士有什么工作机会?	拥有国土安全部学士学位的人有哪些工作?
如果没有其他国家卷入，谁会赢得巴基斯坦和印度之间的全面战争?	如果印度和巴基斯坦之间爆发战争，谁会赢?
为什么右翼政治在世界范围内崛起?	最近世界各地右翼政党和领导人崛起的原因是什么?
你如何看待莫迪总理禁止旧的500卢比和1000卢比纸币的举动?	你对印度储备银行取缔500和1000张纸币的新举措有何看法?
禁止发行500和1000卢比纸币会对股市产生什么影响?	印度政府决定将500卢比和1000卢比纸币妖魔化后，会对股市产生什么影响?
我如何打动别人?	我该怎么做才能给别人留下深刻印象?
什么可以代替红酒烹饪?	在烹饪中，酒最好的替代品是什么?
人们对彼得·泰尔在共和党全国委员会的演讲有何感想?	你觉得彼得·泰尔的共和党全国委员会演讲怎么样?
叙利亚阿勒颇到底发生了什么?	简单地说，你如何描述叙利亚阿勒颇发生的事情?
为什么美国的选举制度遵循选举人团制度而不是普选?	为什么用选举人团制度来代替普选?
对于国际学生，哪些国家提供免费的高等教育?	哪些国家有免费的高等教育?
与传统光源相比，使用led光源的经济优势是什么?	与传统光源相比，使用led有什么经济优势?
时间旅行成为现实的可能性有多大?	时间旅行可能吗?
由于克林顿的健康问题，民主党是否有可能找到另一位候选人来取代她?	如果希拉里·克林顿因为健康问题退出竞选，谁将取代她?
我怎样才能提高我的英语水平?	我怎样才能学好英语?
我怎样才能保持冷静?	保持冷静的最好方法是什么?
在你的网站上获得流量的最好方法是什么?	我如何获得网站流量?
自学有哪些好的建议?	自学的秘诀是什么?
在阿德莱德，哪里可以买到价格实惠的地板拼图垫?	在阿德莱德哪里可以买到便宜的拼图垫?
我如何掌握c#?	如何学习用c#编程?
如何在网上赚钱?	网上赚钱的方式有哪些?
活100年的最好方法是什么?	活100年的秘诀是什么?
特朗普的支持者对他的内阁提名有何看法?	特朗普的支持者对他最近的内阁任命有何看法?
对于一个初学者来说，第一个要学习的编程语言是什么?	作为一个初级程序员，你认为我首先应该学什么?
哪本是最适合基础电子学的书?	最适合基础电子学的书是哪一本?
哪一款更物有所值:ipodnano还是ipodtouch?	你会买ipodnano还是ipodtouch?哪一个更值得?
俾路支省的冲突到底是什么?	俾路支省的问题到底是什么?
如何防止腋下过多出汗?	处理腋窝出汗最有效的方法是什么?
我们是否应该限制名人的收入?	名人收入应该有一个上限吗?
我应该怎样在网上赚钱?	用互联网赚钱最简单的方法是什么?
喀拉拉邦最有吸引力的旅游中心是哪里?	喀拉拉邦最好的旅游景点是哪里?
和某人分手的最好方法是什么?	我怎样才能让他跟我分手?
希拉里•克林顿(hillaryclinton)是否疯狂到与俄罗斯开战核战争的地步?	希拉里•克林顿(hillaryclinton)总统是否有可能与俄罗斯开战?
第一次性经历是怎样的?	第一次做爱是什么感觉?
一个人如何应对并最终克服社交焦虑障碍?	克服社交焦虑最好的方法是什么?
如何克服拖延症?	我怎样才能克服拖延症?
我如何克服孤独的感觉?	我应该做什么来克服孤独的感觉?
我在你的个人进步领域写些什么?	我们应该如何书写个人进步领域?
在第一次世界大战期间，俄国医生使用吗啡吗?	俄罗斯医生在第一次世界大战期间使用吗啡吗?
你如何来来定义生活?	生命是什么?
我想快速学习英语，我应该做什么?	我需要做什么来快速学习英语?
你的终极人生目标是什么?	人生的最终目标是什么?
街头最好的武术是什么?	什么样的武术-lrb-s-rrb-最适合用于街头暴力打斗?
希拉里·克林顿对俄罗斯的立场是什么?	希拉里•克林顿将主张如何应对俄罗斯?
学习python最好的网站是什么?	python的最佳学习站点是什么?
最好的化妆刷是什么?	哪种化妆刷最好?
你如何克服社交焦虑?	克服社交焦虑最好的方法是什么?
如果我是一个程序员，我应该对市场营销了解多少?	程序员应该对市场营销了解多少?
我如何在国外找到工作?	在国外找工作的最好方法是什么?
我在朋友的婚礼上应该穿什么?	我应该穿什么去参加朋友的婚礼?
有哪些单倍体细胞的例子?	什么是单倍体细胞?有哪些例子?
你的第一次性生活经历如何?	你第一次做爱后感觉如何?
我怎样才能在印度的it公司实习?	我如何在印度获得it公司的实习机会?
特朗普赢得大选了吗?	唐纳德•特朗普真的能获胜并成为美国总统吗?
如果不访问我的备用电子邮件或电话号码，我将如何检索我的雅虎帐户?	如果不访问我的备用电子邮件或电话号码，我应该怎样检索我的雅虎帐户?
我怎样才能除掉果蝇?	怎样除去果蝇?
你觉得2016年末发布的新款macbookpro怎么样?值得买吗?	2016年的macbookpro值得吗?
喀拉拉邦的基督徒有犹太血统吗?	喀拉拉邦的叙利亚基督徒有犹太血统吗?
印度收入最高的工作是什么?	印度哪一份工作的薪水最高?
目前最好的电子游戏是什么?	最好的电子游戏是什么?
为什么isis武装分子要遮住自己的脸?	为什么伊斯兰恐怖分子要遮住他们的脸?
我如何管理卷发?	我如何打理我的卷发?
真空中的能量是真的吗?我们怎么知道这种可以被借回来的能量是真实的如果虚拟粒子不存在的话?	真空中的能量是真的吗?如果虚拟粒子n不存在，我们怎么知道这种可以被借来和立即返回的能量是真实的?
你现在最喜欢的歌是什么?	你最喜欢哪首歌?
变老感觉如何?	变老是什么感觉?
我们如何变成突变体?	有没有办法变成突变体?
包容性增长背后的理念是什么?	什么是包容性增长?
中国和台湾有哪些文化差异?	台湾和中国大陆最大的文化差异是什么?
步行穿过东京要多长时间?	从东京的一端走到另一端需要多长时间?
你能靠网页设计谋生吗?	你能靠做网页设计师谋生吗?
一个人失去童贞的平均年龄是多少?	一般人在什么年龄失去童贞?
我怎么知道他是我的灵魂伴侣?	我们怎么知道某人是不是我们的灵魂伴侣?
什么是真正有趣的宝宝派对游戏?	什么是最令人愉快的婴儿派对游戏?
世界上面积最大的城市是哪个?	世界上面积最大的城市是哪些?
我怎样才能成为一个有吸引力的女孩?	我如何成为一个更有吸引力的女孩?
统一的民法典对印度有效吗?	印度应该接受统一的民法典吗?
女权主义有利于控制人口吗?	女权主义是控制人口的工具吗?
你认为1857年的兵变是印度的独立战争吗?	“1857年的兵变被称为‘第一次印度独立战争’是合理的吗?””
如果我的狗吐黄色泡沫，我该怎么办?	如果狗吐黄色泡沫，如何治疗?
发生在你身上最可怕的事是什么?	你经历过的最恐怖的事是什么?
我怎样通过互联网赚更多的钱?	我应该如何在网上工作赚钱?
盐酸怎样才能中和?	如何中和盐酸?
你为什么想投票给希拉里?	为什么会有人投票给希拉里?
英国退欧后苏格兰独立的可能性有多大?	英国退欧后苏格兰退出英国的可能性有多大?
学习编程的最好方法是什么?	有快速学习编程语言的方法吗?我该怎么做呢?
人们真的拥有第六感吗?	人类有第六感吗?
在悉尼，我在哪里可以得到买卖房产的专业建议?	我在悉尼哪里可以得到最好的房地产交易建议?
当一个女孩说:我爱你，我该如何回应?	当她说我爱你时，我该如何回应?
我怎样才能保持镇定呢?	一个人应该怎样培养良好的镇静?
世界上最贵的东西是什么?	世界上最昂贵的东西是什么?
我怎么知道谁访问了我的facebook资料?	我怎样才能看到有人访问了我的facebook个人资料?
令人很好的书有哪些?	好书清单有什么?
我如何克服我的色情成瘾?	克服色情成瘾的最好方法是什么?
我如何利用youtube赚钱?	我如何通过youtube视频赚钱?
英国国际医学专业毕业生的情况如何?	现在英国的国际医学毕业生情况如何?
唐纳德•特朗普所说的气候变化是中国人捏造出来的骗局，他说得对吗?	特朗普说气候变化是中国的骗局吗?
哪本书更倾向于研究量子力学?	我能读什么书来了解量子力学?
全球变暖存在吗?	全球变暖可能是一场骗局吗?
如果9/11恐怖袭击没有在美国发生，今天的世界会是什么样子?	如果9/11从未发生，现在世界会怎样?
有人打算卸载quora并停止使用它吗?为什么?	你为什么要停止使用quora?
web应用程序和网站的区别是什么?	web应用程序和网页有什么区别?
哪一个是最难的军事训练?	哪一种是最难的军事基础训练?
在其他星球上有可能维持生命吗?	有人相信其他星球上有生命吗?
人们觉得酒窝有吸引力吗?	为什么酒窝让人觉得很性感?
一氧化二氮的用途是什么?	什么时候使用一氧化二氮?
吸烟有哪些健康风险?	吸烟有什么风险?
我该如何屏蔽quora上的话题?	我如何阻止quora上的话题?
我在哪里可以找到最好的狗训练技巧?	人们在哪里可以找到最好的狗训练技巧?
你对政府决定停止流通1000和500卢比有什么看法吗?	你对莫迪总理决定停止500和1000卢比纸币有何看法?
哪些兼职工作可以在家完成?	哪些兼职工作可以在家工作?
女人做爱是什么感觉?	女人在做爱时感觉如何?
4万英寸以下最好的笔记本电脑是哪一台?	4万英寸以下的笔记本电脑最好买哪一台?
ccna/ccnp/crisc/mcsa哪个证书最好?	ccna,ccnp,crisc和mcsa中最好的证书是什么?
我怎样才能摆脱痤疮?	我如何摆脱痤疮?
英国前5大购买古董珠宝的门户网站?	英国前5大购买古董首饰的门户网站是哪些?
要想过上健康的生活，需要注意哪些要点?	我怎样才能过上健康的生活?
是什么消除了我眼睛下面的黑眼圈?	我如何减少黑眼圈?
youtube视频的好点子是什么?	youtube上有哪些好的视频创意?
第三次世界大战要来了吗?	我们离第三次世界大战越来越近了吗?
如果地球失去重力5秒，5秒后马上恢复重力，会发生什么?	假设重力停止了最多5秒钟。地球和地球上的人会发生什么?
谁是印度最漂亮的女孩?	谁是印度最漂亮的女人?
做爱的时候我需要做什么来放松?	我如何在性爱中放松?
为什么我在quora上的所有问题都有需要改进的地方?	为什么我所有的问题都被标记为需要改进?
是什么让塔塔集团董事长塞勒斯·密斯特里辞职?	为什么塞勒斯·密斯特里被解雇了?
取缔500卢比和1000卢比纸币究竟是如何遏制黑钱问题的?	发行新的2000卢比纸币将如何抑制黑钱?
上帝是如何创造宇宙的?	上帝是怎样创造这个宇宙的?
生活中最尴尬的时刻是什么?	你最尴尬的时刻是什么?
还有哪些导演像安德烈·塔可夫斯基?	有像安德烈·塔可夫斯基这样的电影导演吗?
为什么quora允许其他人编辑我的问题?	为什么每个人都能在quora上编辑我的问题?
我怎样增重?	体重不足增加体重的最好方法是什么?
心房颤动怎么会引起中风?	心房颤动与中风有何关系?
如果我忘记了美国在线的电子邮件密码，我该怎么办?	如果我忘记了aol用户名和密码，我该怎么办?
java最好的书是哪一本?	对于初学者来说，学习java最好的书是什么?
大陆漂移是什么意思?	什么是大陆漂移?
你第一次做爱的时候感觉如何?	当一个人第一次做爱是什么感觉?
专利提交后多长时间才能获得批准?	批准一项专利需要多长时间?
社交焦虑和内向有什么区别?	内向和社交焦虑有什么区别?
特朗普当选总统将如何影响目前在美国的学生或计划在美国学习的学生?	特朗普因素是否会影响美国留学生的录取?
拉贾斯坦邦最好的旅馆在哪里?	我在哪里可以找到拉贾斯坦邦最好的旅馆?
大脑移植在理论上可行吗?	大脑移植能做吗?
特朗普的胜利对印度意味着什么?	特朗普的胜利将如何影响印度?
性关系是必要的吗?	为什么性在一段良好的关系中很重要?
美国真的是自由的国度吗?	美国还能称自己为自由的土地吗?
治疗圆锥角膜的最好方法是什么?	圆锥形角膜的最佳治疗方法是什么?
三星galaxynote7起火的原因是什么?	为什么三星手机会着火?
我如何在quora上报告一个漏洞?	我怎么能在quora上报告一个bug呢?
我怎样才能永远戒掉色情和手淫?	如何戒掉自慰和看色情片?
非法移民究竟如何危害国家?	非法移民给一个国家带来了什么问题?
学习java容易吗?	对于没有编程知识的人来说，学习java编程有多容易?
我怎么能有一个大阴茎?	扩大阴茎的最好方法是什么?
为什么人们在quora上问问题，而这些谷歌搜索可以更快更准确地回答?	为什么那么多人在quora上问问题，而这些问题可以在谷歌搜索中找到呢?
关于希特勒，有哪些人们永远不知道的优点?	希特勒的优点是什么?
我如何开始准备ibpspo?	如何准备ibpspo的预科考试?
你最喜欢的宝莱坞歌曲是什么?为什么?	你最喜欢哪首宝莱坞歌曲和歌手?为什么?
我可以从100美元开始做什么生意?	我可以从100美元开始做什么赚钱的生意?
我们如何开始准备国际会计准则?	我应该如何开始准备ias?
机械工程和计算机科学哪个更好?	哪个更好:机械工程还是计算机科学?
我应该做什么才能成为一个好的程序员?	我怎样才能成为一名优秀的程序员?
我怎样才能提高我的英语流利度?	我如何能说一口流利的英语?
我怎样才能在网上赚钱呢?	网上最容易赚钱的方法是什么?
禁止印度发行500和1000卢比纸币会对房地产产生什么影响?	500/1000张纸币禁令会对房地产产生什么影响?
当我们睡觉的时候大脑会发生什么?	当我们睡觉时，我们的大脑会发生什么变化?
我如何让我的孩子喜欢学习?	我怎样才能使我的孩子喜欢学习?
有哪些方法可以在一个月内减掉25磅?	有什么安全的方法可以在一个月内减掉25磅?
我怎样才能提高我的演讲技巧?	我如何提高我的演讲技巧?
我怎样才能提高我的英语写作技能?	有什么建议或想法可以提高我的英语写作能力?
我怎样才能聪明的提出问题?	我怎样聪明地问问题?
我的阴茎上有痣，这有什么意义吗?	痣在阴茎上是什么意思?
你穿比基尼的时候怎么尿尿?	女孩们如何在穿比基尼时小便?
希拉里·克林顿会领导美国与俄罗斯开战吗?	希拉里•克林顿是否疯狂到与俄罗斯开战核战争的地步?
如何改善饮食以增加体重?	我每天应该遵循什么饮食来增加体重?
你的思想和你的心，哪个更符合逻辑?	哪个更符合逻辑——你的心还是你的头脑?
我怎样才能流利地说英语?	我怎样才能自信地说一口流利的英语?
新500和2000面值的货币的引入和旧500和1000面值的货币的停止如何帮助/影响印度的经济?	莫迪宣布禁止500和1000张纸币。它将如何影响经济?
我怎样才能摆脱电脑病毒?	如何删除电脑病毒?
在兴奋之后，哪些电影值得看?	在兴奋之后最好的电影是什么?
了解湿婆神的最好的书是什么?	有哪些好书可以帮助你了解湿婆神?
目前的“直升机育儿”潮流会很快结束吗?	直升机式的育儿方式会很快消失吗?
有没有一种方法可以可靠地将我的whatsapp消息和媒体从安卓系统传输到iphone?	我如何将whatsapp聊天信息从我的安卓手机转移到iphone上?
我怎么能一大早就起床呢?	我该怎么做才能在清晨醒来?
世界将如何以及何时结束?	世界真的会终结吗?如果是这样，那么它将如何结束?
你怎样改进你的绘画?	我怎样才能提高我的绘画技巧?
在黄金海岸，我在哪里可以找到种类最多的结婚礼服、礼服和晚装?	在黄金海岸哪里可以买到各式各样的结婚礼服?
关于新款苹果macbookpro的发布日期，我们知道多少?	苹果何时会发布下一代macbookpro?
历史的重要性是什么?	学习历史真的很重要吗?
新西兰本土的动物有哪些?	新西兰本土的野生动物有哪些?
我如何忘记我最爱的人?	有没有办法忘记你最爱的人?
没有信用卡信息我可以在哪个电影网站上看电影?	没有信用卡我怎么能在网上看电影?
我怎样才能写一篇论文?	写一篇令人印象深刻的文章最好的方法是什么?
谁会在美俄战争中获胜?	如果美国与俄罗斯开战，谁会赢，为什么?
系统分析的原则是什么?	什么是系统分析?系统分析的原则是什么?
谁发明了互联网，什么时候发明的?	互联网是什么时候发明的?
迄今为止，印度最大的政治骗局是什么?	印度现在最大的骗局是什么?
为什么男人喜欢肛交?	为什么有些男人痴迷于肛交?
无差异曲线的斜率是如何确定的?	无差异曲线的斜率如何计算?
食源性疾病的最大病因是什么?如何才能避免它们呢?	食源性疾病的最大病因是什么?有什么办法可以避免它们呢？
为什么人们在锻炼的时候会出汗这么多?	为什么我在锻炼时出汗这么多?
怎样才能提高我的英语口语?	什么是提高我英语口语的最好方法?
为什么印度储备银行发行新的2000卢比纸币而不是新的1000卢比纸币?	为什么印度储备银行选择发行2000纸币而不是1000纸币?
如何确定邮件是否由收件人打开?	如何跟踪发送的电子邮件是否被阅读?
恐怖主义背后的主要原因是什么?	恐怖主义背后的真正原因是什么?
whatsapp是如何赚钱的?	什么是whatsapp的商业模式?
如何计算角度的补角?	计算角度的补角有哪些方法?
whatsapp是如何赚钱的?	whatsapp是如何获得报酬的?
什么是对抗懒惰的好方法?	我如何对抗懒惰?
哪10部好莱坞电影最好?	好莱坞最好的电影有哪些?
第一个文胸是什么时候发明的，为什么?	胸罩是什么时候、为什么被发明的?
是什么让一个人成为艺术家?	是什么造就了艺术家?
我怎么能忘记深爱的人?	我怎能忘记我爱的人?
在加拿大的多伦多，哪里可以见到英国人?	我怎样才能在多伦多遇到英国人?
学习java最好的书是什么?	java初学者最好的书是什么?
哪一个答案在quora上获得了最多的投票?	quora上最热门的答案是什么?
我如何在发展中国家创业?	我怎样才能在发展中国家开一家小公司?
幽灵或鬼魂存在吗?	鬼魂真的存在吗?
不做运动就能减肥吗?	不运动我能减肥吗?
现行税制和印度政府批准的新消费税税制有什么不同?	今天通过的商品及服务税与印度以前的税制有什么不同?
我能在quora的答案后面加上我的签名吗?	我能在quora的底部签名吗?
为什么quora把我的问题限制在300个字符?	为什么quora上对问题有一个字数限制?
如果汽车能以光速行驶，当你打开前灯时会发生什么?	假设一辆车以光速行驶，如果车头灯打开，你会观察到什么?
吃完东西就去洗澡有什么问题吗?	你吃完饭后能洗澡吗?
当今最好的编程语言是什么?	要成为最好的程序员，需要学习哪些编程语言?
穆斯林人口将来会超过印度教徒吗?	如果穆斯林人口以目前的速度增长，印度会变成一个伊斯兰国家吗?
我怎样才能节省时间?	我怎样才能节省最多的时间?
我如何编辑我在quora上提出的问题?	当我意识到我拼错了一个单词时，我如何在quora上编辑我的问题?
互联网服务提供商会在没有网络中立的情况下屏蔽人们的网站吗?	如果没有网络中立，互联网服务提供商会封锁网站建设吗?
学习python最好的网站是什么?	python的最佳学习站点是什么?
学习经济学最好的在线资源有哪些?	什么是最好的在线资源-lrb-视频，博客，文章-rrb-学习基础经济学?
在孟买纳维商学院攻读mba的最好学校是哪些?	纳维孟买最好的商学院是哪所?
当希拉里的电子邮件和“克林顿现金”丑闻曝光时，她的支持者们会说些什么呢?	面对希拉里•克林顿的谎言和丑闻，她的支持者们会说些什么?
我如何提高我的自信?	关于如何提高我的自信有哪些建议?
c罗和梅西谁更厉害?	谁是最好的足球运动员?是c罗还是梅西?
您对印度总理莫迪有关500和1000元纸币非法化的新政策有何看法?	你对印度政府废除500和1000卢比纸币的决定有何看法?
我怎样才能拥有一个成功的异地恋?	异地恋是如何运作的?
你能拥有一家银行10%以上的股份，并担任这家银行的首席执行官吗?	当你拥有银行超过10%的股份时，你能成为银行的ceo吗?
作为一个web开发人员和/或网络开发人员，我怎样才能最好地开始自由职业生涯呢?	作为一名web开发人员，我如何开始从事自由职业?
第一次做爱是什么感觉?	第一次做爱感觉如何?
你知道的最好笑的笑话是什么?	史上最好笑的笑话是什么?
你认为谁会赢得2016年总统大选?	谁将赢得2016年美国总统大选?
我们说同性电荷相斥。质子在原子核中是如何保持稳定的?	原子核中的带正电荷的质子难道不会互相排斥吗?
ibpspo最好的测试系列是什么?	最好的ibpspo测试系列是什么?
我怎么可能成为色情明星?	我如何成为一个成人色情明星?
大约有多少学生申请isbylp?	有多少人申请isbylp?
为什么空容器发出的声音最大?	为什么空罐子最吵?
痔疮或肛裂的家庭治疗方法是什么?	如何用家庭疗法永久治疗肛裂?
如何全面准备教资会网上英文文学课程?	英语文学专业ugc网络的最佳准备方式是什么?
有哪些相当无痛的死亡方式?	最好的无痛死亡方式是什么?
我如何知道我是infj还是infp?	我怎么知道我是infj还是infp?
商品及服务税法案对印度经济有何影响?	商品及服务税会改变印度经济吗?
谁的智商最高?	谁的智商是有史以来最高的?
在举行的谷歌apac2017大学a轮考试后，是否有人接到过电话?	有谁通过谷歌apac获得2017年a轮面试机会吗?
更换笔记本电脑屏幕要多少钱?	修理笔记本电脑的屏幕要花多少钱?
《联邦条例》的缺点是什么?优势是什么?	《联邦条例》的优点和缺点是什么?
你是怎么学会爱自己的?	怎样才能学会爱自己?
quora上一个问题的答案顺序是由什么决定的?	quora如何决定一个问题的答案出现的顺序?
我怎么知道一个害羞的男生是否喜欢我?	你怎么知道一个害羞的男生是否喜欢你?
什么是最容易抓到骗子的方法?	我怎样才能抓到骗子?
我如何冥想?	冥想的最佳方式是什么?
我们如何定义美国梦?	什么是美国梦?
村上春树获得诺贝尔文学奖的机会有多大?	村上春树会获得诺贝尔文学奖吗?
我怎样才能戒掉我的色情瘾?	你如何控制色情成瘾?
最近rs500和rs1000纸币的废止会对房地产或房地产行业产生什么影响?	500卢比和1000卢比纸币不被视为有效交易的声明如何影响印度的房地产?
对抗精神抑郁的方法有哪些?	我们如何应对抑郁症?
我们离下一次世界大战越来越近了吗?	我们离第三次世界大战还有多远?
网上赚钱的方法是什么?	我怎样才能在网上持续赚钱?
为什么我要保留phr-lrb-个人健康记录-rrb-?	我为什么要保存个人健康记录?
你为什么为自己是印度人而自豪?	你为什么为身为印度人而骄傲?
如何使用youtube赚钱?	我如何从youtube上赚钱?
你相信每件事的发生都有原因吗?	你相信任何事情的发生都有原因吗?
一个人如何发展逻辑思维?	一个人怎样才能提高他的逻辑推理能力?
什么导致睡眠瘫痪?	你是如何导致睡眠瘫痪的?
为什么那么多人在quora上问问题，而这些问题可以在谷歌搜索中找到呢?	为什么这么多人在quora上问谷歌式的问题?
我们如何控制愤怒?	当我无法控制自己的愤怒时，我该怎么办?
你的第一门编程语言是什么?	你的第一种编程语言是什么?
你对印度禁止500和1000面额纸币有何看法?	你对莫迪政府废除500和1000卢比纸币有何看法?
访问深网时可能遇到什么危险?	深网到底有多危险?
可拉的传说是什么?	《可拉的传说》讲的是什么?
为什么通货膨胀对一个经济体是必要的?	适度的通货膨胀对经济有利吗?
如何学习肢体语言?	学习肢体语言的好方法是什么?
我怎样才能提高我的语言沟通能力?	如何提高我的沟通能力?
网络安全最好的课程是什么?	什么是网络安全的好课程?
雇佣私人教练值得吗?	花钱请私人教练值得吗?
为什么没有国家联合起来入侵朝鲜?	知道朝鲜是一个独裁国家，为什么其他国家不入侵朝鲜并解放朝鲜人民呢?
种族主义能在全球范围内消除吗?	我们如何在全球范围内消除种族主义?
印度和巴基斯坦能再次联合吗?	巴基斯坦和印度有朝一日会团结起来吗?
还有像quora这样的网站吗?	和quora类似的网站有哪些?
《迷失》中谁是最好的角色?	“《迷失》(lost)中哪个角色最好?””
为什么美国更喜欢通过选举人票而不是普选来选举总统?	为什么我们使用选举团制度来选举总统而不是像国会那样使用普选呢?
任何行星都有可能维持生命吗?	在其他星球上有可能维持生命吗?
我怎样才能更有魅力?	我怎样才能变得更有魅力?
为什么塞勒斯·密斯特里被撤去塔塔父子公司的董事长一职?	为什么赛勒斯·密斯特里被从塔塔集团除名?
2016年第一场辩论谁赢了?	在2016年总统大选中，谁赢得了希拉里·克林顿和唐纳德·特朗普的首场辩论?
没有大学文凭我能找到一份好工作吗?	没有大学学位我能找到一份好工作吗?
斋浦尔最好的旅馆是什么?	斋浦尔有哪些不错的旅馆?
果阿最好的旅游景点有哪些?	去果阿应该去哪些地方?
死亡最糟糕的方式是什么?	最糟糕的死亡方式?
一个懒惰的人如何停止懒惰?	你是怎么停止懒惰的?
新闻是一个好的职业选择吗?	新闻是一个不错的职业选择吗?
我该如何停止自慰?	我怎样才能停止自慰，忘记女人?
我怎样才能增强自信?	关于如何提高我的自信有哪些建议?
大多数人想在youtube上看到什么?	人们想在youtube上看到什么?
你认为你读过的最好的书是什么?	你读过的最伟大的书之一是什么?
作为初学者，尼康和佳能哪款单反最好?	尼康和佳能哪个品牌更好?
为什么有人会停止使用quora?	有人打算卸载quora并停止使用它吗?
学习英语口语有什么好看的电视连续剧吗?	学习英语最好的电视剧是什么?
25000卢比以下最好的笔记本电脑是哪一台?	25000inr以下最好的笔记本电脑是什么?
什么是最快的减肥方法?	什么是快速燃烧脂肪的最好方法?
我怎样才能减少腹部脂肪?	减少腹部脂肪的最好方法是什么?
为什么ndtv被禁一天?	为什么ndtv24小时内禁止播放?
15k以下哪款手机最好?	15k以下我应该买哪个手机?
如何克服抑郁?	如何克服临床抑郁症?
一个黑洞能吞噬另一个黑洞吗?	一个黑洞能吞噬附近的另一个黑洞吗?
我如何删除一个问题在quora应用程序上?	我如何从quora删除我的问题?
有哪些移动应用程序是你离不开的?	没有哪一个手机应用程序你无法生存?
20岁以后有可能增加你的身高吗?	20岁以后增加身高可能吗?
我怎么知道谁看了我的instagram?	我怎么能看到谁在看我的instagram呢?
我怎样才能买到twitter的追随者?	购买twitter粉丝的最佳方式是什么?
第一次做爱感觉如何?	第一次做爱是什么感觉?
零假设是什么?	零假设概念是什么?
人们在学习一门新语言时会犯哪些常见的错误?	学习外语的人最常犯的错误是什么?
如何从开源开发开始?	我应该如何开始为开源项目做贡献?
哪些电影有最多的性爱场面?	性爱场景最多的电影是什么?
我怎样才能增加我的阴茎?	如何扩大阴茎的长度和宽度?
控制你的愤怒最好的方法是什么?	我怎样才能控制我的愤怒?
怀孕期间的最佳体位是什么?	在怀孕期间，什么体位最舒服?
废除货币后，政府能收回多少黑钱?	在500卢比和1000卢比纸币被禁后，有多少黑钱被追回?
在印度，为什么一个印度男孩不娶一个穆斯林女孩?	为什么印度的男孩不能和穆斯林女孩结婚?
宣布印度进入紧急状态的原因是什么?	为什么英迪拉·甘地宣布印度进入紧急状态?
我能从gmail帐户恢复我被删除的电子邮件吗?	有没有办法从我的gmail账户中找回我被删除的邮件?
哪家品牌代理最好?	哪些是最好的品牌代理?
你在辞职信里写了什么?	你怎样写辞职信?
一对领养孩子的夫妇应该告诉孩子他们是被领养的吗?	我应该告诉我的孩子她是领养的吗?
外星人确实存在的证据是什么?	有证据证明外星人确实存在吗?
印度和巴基斯坦之间爆发战争，谁会赢?	谁会赢得印度和巴基斯坦之间的全面战争?
